timestamp,gx,gy,gz
1726357295.9120195,-113.34,-128.3,-96.07
1726357165.3624318,26.79,248.47,-174.13
1726357391.0203676,-12.57,-637.57,-53.89
1726357008.2602413,16.91,8.12,-6.77
1726357205.9739375,323.61,-360.66,54.26
1726357303.1784115,-12.45,-1.83,115.78
1726357385.8361278,167.48,-685.12,111.69
1726357402.7751637,-49.8,-130.37,75.68
1726357346.132549,-50.23,-317.44,-80.93
1726357161.9511456,29.6,-98.45,30.33
1726357197.5910792,-10.62,-131.84,315.86
1726357107.4382572,156.86,-579.83,-242.74
1726357046.3796906,-142.15,-454.28,-332.28
1726357149.9589462,172.18,247.86,-233.4
1726357250.740259,56.4,62.38,-88.26
1726357186.9352205,11.6,64.76,44.68
1726357501.2707613,0.92,0.06,-0.06
1726357455.9383335,-226.32,318.79,-54.99
1726357064.0006518,-237.98,2.62,-167.42
1726357411.5839243,-43.76,-169.49,225.52
1726357012.9846666,11.54,43.4,14.28
1726357269.8398,-167.6,-761.54,-43.88
1726357236.850138,-95.15,189.94,99.55
1726357318.5810285,-656.37,-351.07,-23.62
1726357089.597839,229.0,650.88,338.07
1726357514.5553706,108.09,-94.85,30.33
1726357355.9294014,10.86,29.24,154.24
1726357108.7120614,114.44,-285.58,477.11
1726357408.297881,-49.01,250.37,-58.41
1726357382.5225172,271.67,-785.52,-163.88
1726357499.0936725,-12.7,18.25,-13.92
1726357357.007486,71.29,-197.81,94.91
1726357160.7332375,39.79,110.11,152.1
1726357080.1317585,37.72,416.26,-582.89
1726357444.286873,-1.22,7.51,-7.14
1726357145.6705737,-490.36,21.42,-620.54
1726357201.833868,266.05,563.35,-582.15
1726357022.3742864,-280.64,-3.36,-25.45
1726357405.0975208,-8.79,206.12,453.49
1726357474.367792,103.03,31.07,68.85
1726357287.8870285,-71.35,-55.85,-70.5
1726357197.83763,124.15,396.3,-121.28
1726357452.140803,-163.64,99.18,-282.96
1726357514.0914826,67.99,43.4,22.46
1726357149.2647748,-272.28,-105.9,502.75
1726357117.0380905,-481.51,22.28,596.37
1726357443.560869,-0.06,5.74,-4.7
1726357438.2837036,-0.79,2.01,-1.34
1726357416.8673725,99.37,-390.5,513.37
1726357206.9564767,-509.03,-664.73,715.58
1726357022.116443,-164.43,-179.87,11.84
1726356869.199412,392.33,-141.17,513.0
1726357168.0878978,-112.73,178.65,-222.84
1726357297.1164205,-60.18,-265.93,183.9
1726356996.8437786,2.5,1.16,-1.53
1726356845.8630407,-2.08,-0.49,-0.49
1726356874.5371854,-444.7,564.82,-521.42
1726357171.991805,-148.74,165.59,-185.06
1726357197.1081328,254.09,-87.59,-245.42
1726357052.8351004,-287.11,425.6,-265.75
1726357288.390337,43.15,37.11,208.92
1726357041.0770364,-62.99,-148.25,986.33
1726357147.7273414,-100.1,58.11,64.27
1726357393.7001052,-169.43,644.47,-349.43
1726357358.3206992,-0.06,-61.71,-11.17
1726357313.907767,83.92,-19.84,-137.33
1726357313.423986,78.0,3.17,-70.19
1726357118.263243,303.53,-271.12,-469.18
1726357139.223382,-301.88,-130.68,743.1
1726357009.8038096,122.31,-23.93,205.2
1726357022.8377912,192.57,-62.26,248.6
1726357421.4381008,-10.07,36.62,-13.18
1726357122.408502,298.52,-277.47,-573.97
1726357477.0141726,48.95,-94.85,2.93
1726357481.9913516,87.16,-216.92,133.97
1726357384.6110168,192.99,-25.51,633.24
1726357312.3989236,15.5,-20.39,-23.07
1726357379.8438704,-102.91,393.98,-448.49
1726357330.4577498,9.28,73.61,213.68
1726357285.395211,-10.25,53.22,9.58
1726357363.2804997,68.6,241.39,17.21
1726357366.3829205,-48.46,148.99,-414.18
1726357293.6913035,-53.77,-78.92,6.29
1726357471.6788588,-19.35,35.95,87.52
1726357072.126553,-403.99,178.65,626.4
1726357407.5810475,54.57,-331.85,-83.01
1726357111.816236,305.66,-300.42,-629.09
1726357265.5843155,-55.3,141.6,25.09
1726357073.8177776,-63.96,470.21,-32.35
1726356847.0706277,-0.61,-0.37,-0.55
1726357317.3699362,-27.47,-65.49,-231.26
1726356876.3930235,-397.71,240.72,-603.52
1726357336.3782835,53.41,-77.76,-103.52
1726357339.1625507,-56.34,9.4,-35.71
1726357289.6650395,-61.83,-42.72,-168.7
1726357123.1263318,-430.42,160.03,716.8
1726357482.4676878,323.91,-75.93,242.0
1726357133.618164,79.1,167.85,148.44
1726357190.0096352,191.41,-12.08,-499.08
1726357064.3363004,-120.79,507.08,284.67
1726357166.1195383,130.8,-51.57,427.06
1726357448.9160094,1.59,0.37,5.19
1726357284.898446,32.41,52.55,4.03
1726357501.0185714,-1.59,0.43,-2.5
1726357361.0139625,114.62,-369.93,69.4
1726357042.3401003,13.18,-479.25,-221.31
1726357377.6673205,45.1,595.52,-453.67
1726357432.3928182,25.63,59.45,207.15
1726357347.1140108,118.47,-456.97,125.12
1726357326.8554327,7.2,181.7,0.31
1726357511.8941846,-1.95,-2.5,0.43
1726357175.4418747,-21.24,426.33,89.11
1726357473.3612278,18.55,125.85,7.57
1726357260.2565138,-274.84,491.94,54.75
1726357098.985196,-196.66,-403.14,527.71
1726357314.1564832,-118.04,18.92,-29.11
1726356997.4180045,4.76,-0.12,-2.38
1726357148.4954362,-65.55,-36.5,619.26
1726357294.8968556,-61.16,2.81,226.75
1726356868.1359603,-198.24,477.23,659.91
1726357330.9296525,-218.87,-323.3,432.01
1726357271.58731,-123.6,337.59,460.08
1726357038.8281956,-131.23,798.1,-474.91
1726357376.914682,377.62,-365.54,352.97
1726356888.3716333,68.66,-226.38,773.93
1726357126.3161666,154.72,-419.19,-598.51
1726357196.6049116,-59.51,224.37,150.33
1726357515.283656,-3.66,21.42,-10.38
1726357040.8202977,-97.84,-96.19,967.16
1726357274.6543665,-17.58,-16.6,16.97
1726357155.1711998,-329.16,400.76,270.26
1726357324.6523564,-352.66,-449.95,-772.28
1726357144.8915968,-1691.35,-291.14,632.02
1726357376.6266568,147.83,-997.5,-619.08
1726357161.7146478,108.83,-239.2,49.01
1726357026.7417357,-5.98,-698.55,-201.23
1726357167.5798092,83.62,-78.92,368.47
1726357337.5807564,5.43,43.33,-58.11
1726357342.8746085,169.07,-521.85,396.3
1726357112.786529,-748.6,363.71,607.85
1726356996.0522122,-2.26,-1.59,1.04
1726356879.584773,-582.21,542.97,-540.41
1726357266.0929446,-551.82,158.63,167.6
1726357197.3419385,193.48,-167.79,578.0
1726357117.275864,-155.88,-332.52,511.66
1726357296.8845687,137.39,-16.66,138.43
1726357468.9441316,-109.01,0.73,7.75
1726357072.870558,540.04,-491.27,-265.26
1726357469.1972945,-144.96,-16.78,-61.89
1726357152.700767,-55.05,-437.5,421.33
1726357080.8887289,-15.38,226.56,-64.03
1726357124.8349514,-48.03,346.62,226.38
1726357450.4259937,26.31,61.83,67.75
1726357137.780251,183.9,282.35,-22.28
1726357126.5538995,-132.69,-69.34,-560.55
1726357039.5848513,218.2,-196.29,-630.49
1726356876.1472602,-174.32,469.79,-422.3
1726357484.9488523,-129.7,-180.54,52.43
1726357071.60791,-381.35,-105.29,-414.55
1726357442.780923,-0.49,-4.03,-8.24
1726357021.6124382,-150.27,51.09,-108.52
1726357478.6591396,11.9,-5.13,-60.06
1726357354.94936,85.33,-9.22,59.94
1726357225.250168,6.96,-99.37,-224.0
1726357279.4547362,77.76,-174.87,103.58
1726357258.2508738,205.26,-398.8,-745.54
1726356877.209261,-168.21,581.42,-689.7
1726357398.3412971,22.71,34.97,-43.09
1726357181.8997924,11.17,357.54,-60.06
1726356827.269431,-0.24,-0.37,0.06
1726357030.3064404,-1431.4,-508.06,-597.66
1726356868.65781,320.8,-140.99,663.51
1726357238.8369677,-292.54,487.98,392.15
1726357412.8514094,-26.37,-302.25,316.22
1726357449.8954816,4.46,17.33,6.47
1726357020.533459,95.28,130.49,-3.72
1726357159.7697704,-3.36,18.25,-70.68
1726357355.6562712,19.04,-66.96,-60.97
1726357387.813355,122.07,-540.22,104.86
1726357020.0288625,143.74,106.26,-19.35
1726357173.957595,70.31,-111.82,163.94
1726357475.4096162,66.16,-75.93,-10.86
1726357293.1788456,60.67,196.78,-322.75
1726357489.0593884,38.57,-223.63,-11.11
1726357259.5332992,-229.8,148.01,684.94
1726357120.871606,-107.06,193.42,16.72
1726357477.3595922,19.23,25.45,-19.71
1726356883.4534695,169.31,193.18,140.81
1726357241.0849638,123.41,-180.48,-110.9
1726357161.2363143,-104.19,159.3,58.96
1726356993.9492352,-0.85,-0.49,0.24
1726357395.9029553,-206.6,798.95,-268.31
1726357339.6546793,-29.17,-43.27,12.7
1726357260.500177,-244.38,347.72,330.99
1726357024.106382,222.05,772.22,-169.86
1726357083.1478355,-486.63,570.31,57.74
1726357509.0276122,-0.49,-0.12,0.92
1726357401.764464,251.65,96.13,-518.07
1726357382.7619317,164.37,-125.12,306.7
1726357421.1912544,-10.68,37.96,-45.41
1726356837.694016,-0.18,-0.31,0.18
1726357294.42007,-89.78,-49.87,-54.75
1726357460.747315,-250.37,233.46,75.81
1726357106.126134,108.64,1.4,775.33
1726357212.3897135,183.23,400.33,117.43
1726357003.5398667,-0.61,-0.55,0.43
1726357052.1070752,416.56,-280.21,-652.4
1726357439.5459058,-0.18,0.0,-3.05
1726357183.4359725,17.58,295.1,-297.61
1726356871.0628812,-157.17,793.7,283.87
1726357437.034222,5.98,3.17,1.28
1726357249.6943948,34.67,-30.64,-30.4
1726357084.437493,372.01,-187.26,-682.86
1726357237.8295634,178.16,-237.55,-393.49
1726357505.89719,-0.24,-0.37,0.12
1726357030.039203,-558.53,-960.21,-103.58
1726357356.6946218,139.04,-120.73,111.27
1726357391.7387965,-109.5,992.07,-96.01
1726356875.1230607,-624.63,-25.09,-802.98
1726357082.8710077,-226.87,-253.91,-437.81
1726357131.4106932,52.06,-297.0,428.34
1726357066.2547474,263.85,-203.06,-395.63
1726357001.2795303,-1.77,-1.53,-0.55
1726357037.3659177,-721.25,616.58,643.68
1726357041.784994,-1386.6,-100.28,-113.89
1726357217.1507869,12.02,-109.99,-70.25
1726357439.3190267,-0.73,0.18,-0.67
1726357098.0262709,208.07,-69.64,-208.56
1726357090.112709,-231.26,-193.73,42.3
1726357093.8511972,-268.07,-64.51,-317.81
1726357358.804636,-149.96,26.92,216.37
1726357272.864862,38.02,-645.94,408.02
1726357237.3515716,-161.99,80.08,328.31
1726357078.58127,-102.78,-114.5,-532.04
1726357383.3163683,-86.3,735.11,-389.89
1726357156.1205862,220.7,-134.09,-507.93
1726357183.9387605,123.78,-237.3,388.06
1726357373.4233048,261.54,142.03,78.12
1726357119.0571802,-339.36,216.61,475.65
1726357358.08055,-12.63,-160.71,-48.46
1726357407.8123276,212.83,-440.92,-88.99
1726357156.5878627,18.01,-146.97,-356.2
1726357457.43059,15.38,324.22,-292.54
1726357129.4649704,213.38,-57.62,434.75
1726357371.4543805,51.09,54.2,126.77
1726357205.4673195,-165.95,731.08,-15.2
1726357266.8259928,103.52,164.67,91.37
1726357397.1376903,-46.75,482.18,-254.15
1726357366.852041,51.33,-194.52,687.74
1726357044.0794373,-90.45,121.89,-438.66
1726357309.655131,101.07,-33.51,234.13
1726357111.5533524,387.76,422.97,-104.0
1726357265.0361035,481.26,-229.92,-696.04
1726356877.4370832,-317.99,833.86,-524.6
1726357448.1662223,1.53,-0.18,1.89
1726357340.1356778,276.18,48.28,333.37
1726356878.5775547,84.23,348.57,-984.99
1726357112.3058038,16.85,-430.24,-526.18
1726357168.813527,70.01,-356.26,283.69
1726357374.887309,-67.75,-867.31,-27.34
1726357254.2029147,105.1,-403.93,772.64
1726357069.8852668,-66.22,-312.74,566.59
1726357470.4052372,-126.4,10.38,80.63
1726357463.4240608,11.47,-13.92,67.57
1726357240.0850334,176.51,-253.17,-126.22
1726357305.1780596,-31.43,-2.87,-27.1
1726357111.2991595,269.96,49.56,466.61
1726357252.2504184,142.21,-20.63,9.09
1726357207.9569678,-9.4,-56.82,160.89
1726357018.0500038,100.4,78.49,214.23
1726357482.9446266,318.36,524.11,-557.92
1726357483.9505854,651.55,-267.4,95.58
1726357437.7965472,0.79,-8.91,-1.16
1726357011.3921814,-162.84,-92.29,-55.3
1726357294.1664715,15.99,-16.85,251.04
1726357170.9916694,-33.75,193.73,48.22
1726356832.8896425,-0.12,-0.37,0.12
1726357501.5124571,0.92,-0.31,-0.31
1726357488.5777764,-28.32,96.62,203.67
1726357263.3004897,70.56,418.82,671.08
1726357229.6899576,-256.04,-91.74,562.01
1726357281.1918552,-54.81,272.52,505.37
1726357189.745386,-5.43,471.98,-244.69
1726357090.6125646,231.08,-195.31,-17.21
1726357232.849895,288.02,-349.98,-395.02
1726357132.401714,138.24,-366.15,-462.46
1726357154.932612,-166.44,447.69,87.89
1726357435.0911603,5.31,-37.41,16.54
1726357352.7826376,-50.05,-125.92,4.94
1726357372.2096012,232.85,-16.97,-67.32
1726357021.8497963,-90.33,-151.61,89.78
1726357477.9256992,-17.15,-38.27,0.06
1726357029.54282,-242.92,151.92,736.82
1726357232.356538,112.49,-35.46,252.93
1726357315.148636,314.58,-644.84,490.6
1726357280.179726,-43.95,49.38,-87.28
1726356853.3871963,0.31,0.0,-0.37
1726357226.4528458,-66.28,-166.5,-236.94
1726357128.5123756,-2.75,-288.76,-369.08
1726357344.6245286,44.8,630.0,42.79
1726357464.890419,37.41,-17.76,76.11
1726357342.127848,23.68,595.58,113.16
1726356884.4695697,-266.85,172.55,521.12
1726357499.5775256,-3.05,-15.5,-0.37
1726356879.0719748,-254.09,784.24,-408.26
1726357232.124717,-366.46,109.68,514.4
1726356999.7934237,-2.2,-2.14,0.37
1726357325.875894,-235.05,303.77,-176.33
1726357158.5412734,49.74,-244.45,-349.37
1726357072.3696296,11.9,381.47,524.84
1726357440.2895465,-0.79,5.0,-3.91
1726357499.8077428,-1.83,6.35,-2.44
1726357262.0038595,213.81,-204.41,-295.59
1726357405.846651,-216.19,191.96,207.82
1726357049.1345978,-529.11,-46.75,750.0
1726357268.054639,-263.98,23.56,153.14
1726357076.5412536,-222.23,249.57,276.55
1726357288.6269588,-120.36,-117.43,96.25
1726357387.3163528,-38.76,-986.15,119.87
1726357459.3579345,-266.54,259.58,-34.91
1726357309.4057734,-1.16,-162.41,95.09
1726357218.899758,42.85,-162.17,-203.43
1726357077.815549,977.05,-113.77,64.33
1726357048.8725057,-720.64,439.94,-43.52
1726357277.7439468,192.63,93.81,-87.22
1726356996.5817852,2.14,0.31,0.31
1726357422.4016843,-124.88,217.71,-13.92
1726357035.637163,-1695.31,539.49,182.37
1726357104.4113035,106.14,-13.49,-280.88
1726357511.4302738,-0.98,-3.78,0.31
1726357273.5843534,154.91,-90.27,185.06
1726357105.0344582,168.58,280.94,-306.34
1726357496.6143377,-36.93,-62.26,-90.03
1726357178.1481977,42.24,-134.58,-186.46
1726357420.6910987,34.73,-94.67,15.63
1726357441.548632,0.67,-2.75,0.73
1726357239.8318126,366.7,-83.07,-383.85
1726357501.75645,-0.79,1.89,-0.55
1726357265.2857738,323.85,-267.09,-186.83
1726357451.079512,82.4,-7.32,56.82
1726357421.9055593,-34.67,-67.26,104.74
1726357275.2780783,136.05,-7.2,135.31
1726357368.6172526,57.19,87.59,-57.8
1726357020.771011,-113.16,86.91,41.93
1726357442.280234,-0.18,1.22,-0.24
1726357222.966308,-167.54,-100.46,340.39
1726356881.869178,-271.48,-429.5,-531.98
1726357193.644012,171.75,-46.94,-447.75
1726357146.9431877,331.91,-344.73,-540.1
1726357469.4433882,32.1,5.0,-174.99
1726357028.7793016,-515.93,-242.92,1165.04
1726356881.3477466,-1143.13,102.48,611.33
1726357336.603367,95.28,-18.25,-374.21
1726357212.8973813,362.49,-564.03,-265.75
1726357300.8559258,-55.11,-119.2,147.89
1726356837.1621614,-0.12,-0.37,0.06
1726357418.700411,-176.94,355.1,-197.2
1726357033.571987,-955.87,-550.6,-606.99
1726357157.3106098,-208.92,-8.36,575.62
1726357489.5599518,24.78,-16.66,235.9
1726357235.323583,-254.88,306.09,381.96
1726357363.0089512,4.58,-151.43,158.08
1726357389.29282,260.93,-627.01,440.43
1726357411.8317094,-127.5,8.3,-69.15
1726357173.4466162,-96.01,182.37,53.96
1726357296.6466465,-85.51,52.12,29.66
1726357430.410076,-33.02,238.22,-70.37
1726357023.8454006,1548.95,-40.53,542.54
1726357230.66769,-266.6,324.16,-200.13
1726357379.1249812,-12.88,-100.52,1094.91
1726357416.101694,-238.89,507.39,-86.12
1726356876.643613,206.42,775.7,-596.68
1726357120.261637,339.6,-234.37,-456.05
1726357042.8495042,-167.24,-693.3,-666.38
1726357375.622785,-156.74,823.06,165.53
1726357267.0840502,-12.94,267.58,-122.13
1726357228.4272332,-170.72,47.97,411.01
1726357142.399037,547.42,-6.53,-465.27
1726357138.2643988,333.13,-301.7,-466.55
1726357246.332427,65.86,213.32,-3.66
1726357280.6785138,-192.57,246.89,445.37
1726356871.6140056,313.23,552.43,-328.98
1726357499.3299265,-4.7,2.26,-3.36
1726357079.8934064,177.0,362.79,-0.98
1726357069.4030075,-534.55,329.59,138.79
1726357270.8259776,-129.27,113.28,-43.4
1726357036.367767,-1788.57,88.68,-617.37
1726357360.0404203,62.93,416.69,-67.87
1726357429.662639,-128.48,-436.34,165.34
1726357367.5807323,24.78,166.26,-71.78
1726356888.879702,603.64,411.93,658.51
1726357095.5426962,382.08,-367.43,-443.18
1726357010.6400266,80.26,-0.31,92.59
1726357191.5252278,120.85,-127.44,606.38
1726357388.060038,128.54,446.04,108.89
1726357106.6625888,6.16,355.83,383.24
1726356834.1050177,-0.06,-0.31,0.06
1726357504.9005463,0.12,-15.63,-0.24
1726356873.459057,-410.52,334.11,-723.39
1726357008.5119996,74.16,31.07,-22.83
1726357431.390072,-130.19,237.0,-15.63
1726357450.7209177,72.45,25.63,14.16
1726357319.5828483,72.75,-17.64,6.29
1726357513.8484385,32.84,63.11,2.2
1726357276.022246,30.52,423.28,-197.63
1726357457.1748106,-188.35,267.52,23.07
1726357257.7407477,77.76,-400.27,325.32
1726357171.489609,62.81,-262.33,113.16
1726357177.1651034,-62.56,-172.3,381.1
1726357482.7020557,-76.72,-135.8,229.49
1726357204.428413,280.88,254.15,-781.62
1726357389.7767937,689.76,601.14,443.05
1726357373.6869247,354.25,385.44,-51.64
1726357029.7721367,-268.13,-551.09,836.67
1726357062.511376,237.67,270.51,494.75
1726357141.448908,46.14,-550.54,533.51
1726357337.839434,-336.24,-108.7,312.5
1726356832.3146782,-0.24,-0.31,0.06
1726357097.0460734,-57.5,-266.42,-128.05
1726357073.1628397,265.87,-577.76,-202.64
1726357370.9210331,159.12,-945.62,318.24
1726356999.5403385,0.67,-0.67,-0.12
1726357459.6128995,-2.75,-117.68,70.37
1726356879.3337338,518.07,781.68,-668.15
1726357490.2885013,-169.86,65.0,351.99
1726357476.764568,37.9,-105.41,74.52
1726357135.875854,107.06,191.04,-278.56
1726356881.6166632,-29.72,-570.62,-439.45
1726357276.7830417,163.82,86.3,121.15
1726357283.8901763,13.85,-60.24,-37.9
1726357311.642974,91.49,68.73,-97.05
1726357234.8443894,-13.24,-107.48,-118.47
1726357127.0257697,-473.02,-284.12,719.85
1726357306.9293635,12.02,-37.48,-91.61
1726357047.8311665,641.48,-346.86,-341.25
1726356998.494779,1.77,0.61,0.85
1726357283.626661,-66.04,-34.24,74.4
1726357457.9051478,8.24,160.1,-127.69
1726357388.5475247,-60.85,494.81,-362.85
1726357150.960373,-202.7,-149.6,-846.92
1726357164.8588846,6.35,-198.97,410.1
1726357137.3011203,-167.05,-356.14,398.32
1726357357.2465825,29.72,-72.08,-161.68
1726357123.8661194,175.17,266.3,-95.15
1726357301.6017678,-33.57,28.14,-40.89
1726357166.8436997,-95.46,107.6,-297.3
1726357471.4042387,21.55,-87.04,165.28
1726357511.1873262,-0.55,-0.73,2.26
1726357148.984907,-338.93,141.66,471.19
1726357419.4401512,98.08,-358.7,77.88
1726356865.8965194,-43.15,159.18,-28.81
1726357321.6388564,34.12,-20.63,-147.71
1726357395.676549,-165.95,442.5,-267.33
1726357145.1790645,-80.99,128.36,30.46
1726357386.0832894,-121.4,-649.9,-143.25
1726357144.3560925,-988.95,-592.04,372.19
1726357193.889544,387.51,-108.83,487.67
1726357052.3414314,377.62,-571.72,-298.34
1726357105.8412578,-43.33,-510.93,270.2
1726356864.749791,872.8,-207.76,-321.59
1726357086.9487655,324.71,-351.14,-420.9
1726357441.7956357,0.0,-2.2,0.49
1726357491.972101,-220.4,328.86,-19.59
1726357002.441451,0.24,-0.12,-0.73
1726357270.0961895,190.55,-498.23,-682.86
1726357423.7728572,1.16,2.75,-36.25
1726356858.727499,-0.49,-0.37,0.18
1726357462.6811962,10.86,2.38,143.19
1726357323.1679688,-212.16,668.15,519.78
1726357142.8997,-159.3,-174.07,-619.45
1726357370.4170325,-151.79,205.99,201.54
1726356993.684367,1.95,1.04,-1.22
1726357271.8564954,-83.56,640.69,281.74
1726357017.0210052,61.4,40.41,-41.75
1726356826.2163012,-0.18,-0.37,0.06
1726357494.165027,100.4,188.42,212.59
1726357302.919403,55.18,115.6,-167.11
1726357462.2015922,47.55,128.48,69.95
1726357472.6534092,20.51,10.99,49.32
1726357502.4904878,-2.62,-0.55,-3.05
1726357050.6393614,-88.75,-402.47,-321.66
1726357179.6167831,244.2,-72.69,-152.16
1726357242.0462122,-156.92,100.71,146.55
1726357472.4031131,-39.12,-150.27,-76.84
1726357390.2704103,-198.36,368.77,501.28
1726357234.594677,221.5,-495.91,-213.01
1726357223.987537,-225.46,141.91,330.87
1726357013.762211,36.38,55.54,51.39
1726357182.673934,198.55,-152.28,458.86
1726357033.3132734,-554.14,-1000.06,146.42
1726357332.4186935,115.66,-121.52,-371.52
1726357413.1094265,-196.35,-281.98,-94.91
1726357045.3823674,211.55,379.82,412.29
1726357134.6018014,-35.16,-43.15,-281.92
1726356840.1696708,-0.12,-0.31,0.12
1726357130.9302204,-599.67,552.12,376.22
1726357229.1976006,-182.56,-23.74,-437.74
1726357021.3008242,-235.84,-142.4,-101.32
1726357354.225134,28.75,122.8,52.19
1726357074.9411278,138.55,54.14,182.01
1726357353.2623162,-180.66,572.02,-105.35
1726357493.4334123,81.73,208.62,294.07
1726357125.083896,-299.44,213.5,543.82
1726357454.3168857,-118.53,501.16,-175.35
1726357083.641334,-189.82,-420.23,467.9
1726357378.4037566,90.45,-524.11,15.44
1726357222.198532,91.86,-296.14,-178.77
1726357045.8725097,366.52,-486.57,-432.31
1726357342.3800397,2.14,324.83,-153.44
1726357060.6507363,366.94,-496.09,-494.69
1726357423.2170591,70.92,-183.47,146.24
1726356864.0866315,-269.78,-429.14,-0.67
1726357413.3454938,-300.96,580.57,-104.55
1726357152.957517,-168.4,-170.35,552.73
1726357219.4100688,-409.85,271.06,566.59
1726357223.7149503,-86.12,-198.43,-394.1
1726357324.899839,73.79,271.24,-874.88
1726357286.6291354,-52.19,-16.3,236.63
1726357463.9076447,22.64,-32.59,45.9
1726357362.7682714,24.9,-202.88,-206.54
1726357330.2086265,-3.05,-144.1,-225.34
1726357339.4109814,9.77,-193.42,194.89
1726357235.8111875,23.19,53.1,-86.06
1726357016.2256744,24.17,26.55,-9.52
1726357309.1546988,-45.17,-151.06,-59.75
1726357479.1524725,74.95,51.57,42.79
1726357103.8362143,182.07,-490.48,-110.6
1726357053.3052845,-176.09,-368.71,722.78
1726357418.1961966,71.04,-425.72,647.71
1726357038.3371446,17.76,739.44,-69.34
1726357279.9442432,-32.78,-89.66,-43.21
1726356833.5233417,-0.24,-0.37,0.12
1726357349.5974443,92.29,-211.91,-206.18
1726357479.6263945,-4.94,-102.17,121.15
1726357143.374771,-884.28,-594.12,1020.94
1726357298.3558216,-44.68,49.13,-252.2
1726357063.481084,189.27,-520.26,-150.7
1726357168.3401897,0.18,186.4,-198.73
1726357478.403029,-10.01,72.63,-36.8
1726357288.149598,148.44,100.4,-222.23
1726357148.0332649,-413.33,318.42,1094.6
1726357011.9289312,-75.2,-96.37,-11.35
1726357183.7040749,155.82,-126.59,-189.15
1726357441.2770028,-0.12,1.83,-3.54
1726357007.735139,6.1,3.17,-1.77
1726357015.1326394,-108.34,-95.09,29.3
1726357079.091599,-579.53,129.88,540.59
1726357430.141601,-346.92,457.09,-19.04
1726357342.6286635,241.76,-118.47,-63.72
1726357285.6431873,72.81,44.86,70.5
1726357497.339918,-171.45,181.88,-18.68
1726357259.778706,-26.86,264.77,489.75
1726357406.3273897,-101.68,-271.18,-140.26
1726357060.16769,238.83,436.04,-169.98
1726357124.3450966,246.46,-320.86,-590.7
1726357029.0390203,-514.77,-970.34,316.89
1726356885.4756474,-113.28,-172.3,605.65
1726357067.0365462,-134.46,380.07,580.57
1726357025.1886282,-300.29,-264.65,-30.21
1726357411.0915685,237.37,60.85,-117.74
1726357345.8669484,11.84,-580.87,184.94
1726357341.3895605,157.04,-18.07,-314.51
1726357213.1391203,147.34,-562.74,-193.91
1726357268.5685754,-328.43,116.88,106.51
1726357425.4967425,164.18,-175.17,418.64
1726356850.6566043,0.18,-0.18,-0.49
1726357431.8928542,52.31,-274.54,-265.14
1726357384.1141534,-1.1,-622.86,437.81
1726357358.558757,-72.45,-73.3,47.06
1726356993.1502638,1.71,0.55,-0.67
1726357182.9194305,-15.08,26.0,257.75
1726357110.764403,-678.65,-105.41,1035.28
1726357334.9254737,-82.64,-109.68,-265.08
1726357424.7414052,-7.63,-81.6,51.51
1726357359.7912638,-90.88,-473.94,165.22
1726357319.338112,101.99,7.81,25.33
1726357454.5774958,-40.95,39.73,-70.07
1726357458.6254702,273.07,-149.29,182.31
1726357205.697647,444.95,499.82,-547.3
1726357324.4060612,327.64,-655.21,-479.8
1726357145.412559,-145.57,-159.85,-256.35
1726357158.0655584,133.85,36.01,-441.83
1726357019.766555,62.81,38.15,-57.68
1726357341.6445334,-59.75,-29.97,307.92
1726357440.0477817,-0.06,-2.32,0.98
1726357094.8193705,322.14,63.54,282.1
1726357503.9239058,-1.65,2.87,-3.11
1726356828.5919516,-0.24,-0.37,0.12
1726357415.1350925,65.37,163.94,-142.7
1726357200.2830987,156.62,348.51,82.58
1726356831.572701,-0.18,-0.31,0.06
1726357178.3776543,163.82,-274.17,105.29
1726357196.8402898,60.97,416.2,-290.1
1726356888.1288683,-97.66,265.26,904.05
1726357290.6577182,216.19,115.05,-292.91
1726357232.6196303,4.7,-341.67,-363.46
1726357492.214544,-14.89,328.8,72.39
1726357368.335364,-235.41,415.47,-59.63
1726357419.194358,-85.63,143.07,-99.0
1726357008.766085,201.35,74.28,-31.13
1726357255.4483452,-3.78,-141.78,-59.63
1726357165.6228511,44.37,164.06,-402.4
1726357178.614386,67.63,-200.32,31.62
1726357162.2023883,-64.76,135.86,-63.17
1726357267.5573623,169.25,109.74,26.31
1726357372.6911943,46.63,-219.97,403.02
1726357321.124377,40.89,143.98,-817.69
1726357108.4484875,-375.43,-391.97,718.38
1726357157.0861754,-308.9,301.64,530.58
1726357002.716457,-2.2,0.43,-3.97
1726357380.5783615,249.94,-710.45,-56.88
1726357029.3006458,-1472.53,-298.03,-761.41
1726357372.4593678,-552.0,-279.17,148.5
1726357497.104831,-150.33,65.92,44.56
1726357262.2891493,0.0,198.73,176.88
1726357231.1544075,36.87,-303.04,290.1
1726357485.198294,113.95,-346.56,93.75
1726357050.8765368,-458.98,312.62,-260.01
1726357299.8633657,-91.61,136.11,358.7
1726357015.392946,-116.15,-128.54,-21.79
1726357247.083421,20.81,-38.7,80.02
1726357252.002004,-66.89,72.14,9.03
1726357126.07594,274.41,-270.2,-712.89
1726357100.8278594,-95.09,-235.84,-571.47
1726357002.990018,-1.83,-0.24,-1.22
1726357282.886829,49.07,65.73,-109.56
1726357302.4293983,-137.21,-82.76,168.76
1726357210.5871954,397.58,-193.85,-352.72
1726357366.6108782,-7.02,-7.45,43.09
1726357171.2608397,13.85,-93.2,248.47
1726357116.7815788,-282.71,451.6,222.78
1726357274.384705,-24.05,-13.0,-117.25
1726357224.492352,27.71,152.1,-17.46
1726357340.3741975,346.01,72.08,303.34
1726357102.2096732,-114.56,-315.12,204.22
1726357104.727954,43.03,266.11,-307.13
1726357402.0214314,-77.15,-71.96,317.99
1726357280.4240308,-214.36,65.92,32.65
1726357202.8497674,123.72,646.55,-124.94
1726357236.3437417,194.89,-372.56,-189.76
1726357484.193749,-114.87,-84.66,422.24
1726357361.2629569,127.93,-471.07,345.21
1726357277.0184505,39.67,-134.52,-4.09
1726357047.5843666,359.19,512.57,-50.29
1726357155.6318789,3.3,-32.59,181.82
1726357328.486238,-89.42,-128.11,53.41
1726357224.2452304,-124.82,151.12,303.1
1726357394.9323635,12.51,-243.29,120.42
1726357385.5931106,-7.57,-195.43,50.42
1726357084.2007685,268.86,444.82,-281.8
1726357122.6405993,65.92,-207.82,-487.61
1726357213.919283,-340.33,540.22,261.54
1726357510.4631813,0.12,-0.43,-1.04
1726357160.9991224,-18.74,270.69,224.06
1726356996.3230214,9.58,3.42,-3.66
1726357188.9545388,470.83,-194.21,105.47
1726357112.0766473,345.89,-575.07,-553.77
1726357503.216401,0.0,-1.95,-1.95
1726357308.428278,-28.38,186.04,-7.39
1726357360.744572,97.72,-102.78,126.83
1726357195.5999272,96.31,472.41,-159.0
1726357048.629431,-388.73,-316.59,-543.46
1726357119.294522,-302.92,-307.43,515.75
1726357215.3977687,-55.42,304.32,230.71
1726357018.2999058,-73.79,-97.47,39.61
1726356870.5260155,90.03,-277.16,270.87
1726357212.1443083,-45.96,72.39,428.34
1726357039.830149,6.65,-57.68,-516.91
1726357271.0805752,-313.42,214.23,304.14
1726357174.6912053,-33.69,72.2,-13.92
1726357295.393443,121.95,-8.73,-133.73
1726357468.403303,16.72,-37.17,-37.66
1726357329.6886673,446.41,-80.14,-238.89
1726357138.4994228,121.52,-185.79,-510.56
1726357009.5409322,100.16,10.44,184.75
1726357428.9446626,-21.36,441.59,-28.63
1726357194.6423368,54.69,280.7,-499.69
1726357224.9975734,15.26,-333.13,-225.22
1726357174.217163,-41.93,-231.81,-108.34
1726357074.3802154,-684.33,-268.74,727.54
1726357173.208849,-98.94,41.14,-225.22
1726357344.1318622,-349.67,110.84,410.16
1726357395.4422317,-4.94,285.77,-208.44
1726357100.605708,232.73,-571.23,-385.44
1726357001.0113654,-0.12,0.0,-0.24
1726357185.19954,144.9,-227.66,327.09
1726356852.1729174,1.1,-0.12,-0.06
1726356870.798684,-431.82,-280.09,93.93
1726357463.673131,18.55,-46.02,54.26
1726357146.4049728,279.91,-219.85,-385.62
1726357444.0504649,0.61,-4.09,0.61
1726357140.4296784,240.48,-419.37,-293.7
1726357263.5414,422.0,714.97,9.58
1726357333.4164114,-543.09,-429.63,443.48
1726356854.5895965,-4.27,-0.98,-1.65
1726357356.430945,121.03,-15.08,-122.19
1726356859.1848016,0.0,-0.37,0.18
1726357362.4900074,-111.88,-251.53,-270.26
1726357406.583911,19.71,-25.02,-414.55
1726357440.527589,0.73,-3.05,-1.71
1726357221.2101452,-210.33,535.28,-106.14
1726357082.1533933,154.54,179.63,-535.89
1726357210.822249,63.9,-448.97,-491.82
1726357038.0791252,-243.71,-3.85,-27.59
1726357163.1555076,76.17,-147.16,113.1
1726357281.4201791,80.14,558.9,384.64
1726357115.0366876,-569.82,-21.12,706.91
1726357434.1179605,15.2,23.38,242.37
1726357049.37329,82.64,-312.44,712.59
1726357116.5447896,-72.88,-68.24,-362.98
1726357204.929031,122.68,-523.44,93.38
1726357267.3262124,-79.28,218.32,-307.86
1726357041.54923,-557.37,-695.13,-77.03
1726357433.8531754,206.48,-98.08,-66.83
1726357116.0583968,503.36,65.92,-683.53
1726357480.9136813,273.13,529.11,393.62
1726357312.6751032,-15.93,15.81,130.0
1726357164.6259544,186.71,-120.12,236.08
1726357155.400256,-309.02,-70.07,454.1
1726357472.174194,-119.51,-108.22,9.22
1726357011.130664,-177.73,-96.98,13.06
1726357432.1356714,128.05,-74.58,-6.65
1726357245.582482,114.32,-187.99,-391.24
1726357111.062143,-24.05,-383.61,613.65
1726357447.1668775,0.06,0.79,0.12
1726357376.1049974,-107.79,38.15,376.4
1726357419.939504,18.86,137.15,-131.77
1726357090.8779693,-35.95,-58.72,-450.32
1726357165.86857,264.1,-23.44,-277.47
1726357465.889789,-27.65,-7.87,44.92
1726357230.1715925,-26.61,-288.51,-206.48
1726357454.089722,-354.31,484.01,-226.26
1726357030.540266,-558.41,-160.95,1062.44
1726357216.901147,335.51,-463.56,-286.32
1726357317.1312118,-18.25,-28.26,-54.93
1726357510.2242875,-1.04,0.12,-0.43
1726357051.8614388,259.95,393.62,-490.17
1726357258.495487,255.92,-556.34,-257.32
1726357162.437046,-2.81,258.73,-153.87
1726357059.9133656,312.26,177.92,321.29
1726357420.4374828,-20.08,-9.83,13.49
1726357081.3838167,-598.21,-198.24,715.27
1726357370.1627314,-253.11,775.94,106.38
1726357118.7769356,-99.61,405.76,253.23
1726357460.997934,-42.91,-59.69,31.13
1726357056.37717,216.25,-411.25,-398.93
1726357182.4155748,373.9,-164.73,-316.53
1726357459.100651,-63.29,318.12,-523.68
1726357497.8548982,15.26,-35.16,-19.41
1726356884.966587,518.25,-427.92,354.86
1726357107.923492,-182.74,163.33,-256.04
1726357405.323405,-170.29,-39.67,162.48
1726356871.9044757,256.1,-18.31,-631.04
1726357180.3926127,-11.72,179.26,263.49
1726357220.4002266,413.57,-439.03,-314.94
1726357442.5219502,0.24,2.2,2.44
1726357473.6131191,136.05,163.15,-12.15
1726357233.3672895,-109.01,336.06,395.75
1726357365.8729286,-56.21,39.61,-3.23
1726357403.554817,-137.21,203.06,223.08
1726357207.7090726,101.2,17.27,538.27
1726357473.1260188,1.34,-55.73,43.76
1726357299.3630896,-56.88,-118.9,-243.77
1726357505.6245606,1.53,0.18,-1.28
1726357138.9829824,-275.88,211.06,803.16
1726356872.1606798,-270.87,-135.62,-684.69
1726357236.5949671,57.13,-113.16,-176.64
1726357201.3150656,63.54,-156.31,348.45
1726357128.7468555,-396.12,322.88,-210.45
1726357257.5002165,151.0,-177.67,509.89
1726357363.561258,-119.14,-297.06,31.37
1726357278.7142594,0.49,317.2,154.6
1726357151.4647417,265.08,-302.31,-779.36
1726357304.941938,104.49,172.61,65.19
1726357229.4403822,-215.21,184.81,51.15
1726356843.4437263,-0.85,-0.49,-0.06
1726357025.69497,-219.42,637.94,249.51
1726357311.146304,-31.01,-59.69,295.35
1726357310.8901525,-72.2,-119.38,207.28
1726356847.3569596,0.31,-0.31,0.0
1726357217.6654642,-531.19,300.42,461.85
1726357195.3673916,0.61,99.91,349.85
1726357245.836353,329.28,-366.82,-284.24
1726357077.0371296,-60.49,-293.46,620.91
1726357095.07557,191.28,333.31,-244.75
1726357282.6278408,34.97,-196.9,-119.08
1726357088.153359,84.53,-19.84,245.36
1726357322.6460853,29.66,-51.09,746.52
1726357367.822532,16.36,435.55,-126.65
1726357213.3941245,0.85,-91.13,-90.64
1726356857.008277,1.4,-0.37,0.98
1726357390.522719,-2.87,-394.78,-42.97
1726357469.9208255,-34.36,-86.61,61.52
1726357191.777733,-34.85,85.57,279.17
1726357212.6522028,363.04,151.98,-470.52
1726357395.1936553,5.25,49.56,-59.45
1726357479.8760018,-25.82,-135.19,-63.11
1726357304.416735,75.5,45.23,-35.77
1726357391.9823902,-221.31,588.26,397.03
1726356829.083877,-0.24,-0.37,0.06
1726357092.311926,1.16,-87.22,443.12
1726357347.35611,261.17,-677.98,217.1
1726357344.8673604,-276.12,193.85,63.11
1726356883.2174098,625.61,886.29,212.77
1726357375.138703,-16.97,-349.37,-111.08
1726357088.3994312,133.61,261.84,-253.85
1726357410.3814278,155.52,312.56,-68.42
1726357078.0600553,147.71,-496.4,-512.88
1726357489.8204334,77.64,140.62,-304.87
1726357226.9413767,-249.21,153.26,365.11
1726357508.0498695,-0.67,-1.95,1.1
1726357129.2246952,-274.9,-394.17,540.53
1726357292.9556172,-116.88,-42.18,-147.64
1726357346.6122136,-145.39,879.15,-17.82
1726357066.7804868,-109.99,-116.88,-301.57
1726357250.495543,-40.59,36.07,-71.59
1726357327.671682,147.83,23.32,-67.75
1726357167.8289847,4.09,122.19,52.12
1726357191.265468,360.53,-181.46,-341.55
1726357470.165233,-56.09,4.52,26.0
1726357410.8443165,-58.17,251.1,-354.19
1726357034.366378,-664.73,-857.12,15.38
1726357184.9411776,140.75,-11.29,-311.4
1726357400.550587,-111.82,377.99,-192.99
1726357119.7892709,34.79,251.65,-197.57
1726357087.4286084,-155.7,461.55,-11.05
1726357018.6452043,88.44,-101.75,4.64
1726357318.32851,-153.08,-86.06,72.69
1726357114.5129302,-220.09,-29.3,-378.3
1726357037.1030712,-1038.27,-648.32,-626.77
1726357272.6306734,82.58,-526.49,544.19
1726357013.4939597,-77.33,-5.19,60.91
1726357019.4579382,-418.46,-349.55,-41.08
1726357034.9167032,-526.25,329.83,1192.75
1726357076.0458417,238.4,-198.61,-583.86
1726357085.448739,-498.29,617.68,177.61
1726356870.2607667,182.68,-119.2,478.58
1726357235.5806427,-132.45,149.05,246.64
1726356867.3619747,-182.31,-294.37,676.76
1726357388.3047338,-28.14,754.52,-363.04
1726357494.3989382,73.85,-77.7,-129.03
1726357214.41828,129.58,-4.58,105.9
1726357053.8152463,23.38,232.12,-350.1
1726357333.1713936,-387.94,187.07,218.99
1726357305.6771977,-180.24,-271.3,155.94
1726357091.3607533,168.52,129.21,-438.72
1726357208.9705725,95.64,-483.09,-781.74
1726357064.8942063,176.64,-219.85,590.03
1726357234.1123986,86.06,16.48,-182.31
1726357186.1927042,-3.42,92.22,-334.72
1726357027.2513056,-996.64,-200.07,1103.52
1726357479.388244,126.95,77.09,163.21
1726356860.381593,-0.43,-0.31,0.12
1726357117.7687197,78.49,287.6,-391.17
1726357430.8862448,6.47,-119.02,199.1
1726357329.2063684,-21.12,207.34,94.12
1726357211.0945668,87.46,-125.06,-321.17
1726357078.8328743,-292.05,235.6,-235.66
1726357301.354834,-103.39,69.4,-144.1
1726357514.3307197,134.28,-46.57,51.15
1726357378.89647,304.08,24.29,-133.91
1726357261.5029197,-84.59,-566.28,-642.94
1726357101.4001122,-254.94,474.37,-77.58
1726357438.5280538,1.28,0.73,-1.83
1726357452.623192,62.19,490.54,0.24
1726357379.3675485,95.03,122.74,538.76
1726357378.1698542,-7.2,166.38,151.73
1726357249.981051,35.52,-18.13,-1.59
1726357167.3355303,190.86,-33.45,260.31
1726357438.7677028,1.71,-5.49,4.27
1726357005.3696012,0.67,0.18,0.37
1726357486.6349568,24.96,51.33,409.73
1726357126.7977011,-396.97,410.46,265.32
1726357287.116385,-1.4,45.78,-180.36
1726357461.7306583,-46.26,34.12,-238.89
1726357364.388777,-229.61,419.92,432.68
1726357050.141643,537.29,-508.06,-580.81
1726357238.330226,73.91,-392.94,-184.57
1726357365.6521006,74.58,-154.42,159.0
1726357132.6349728,-80.14,69.7,-189.82
1726357443.804404,1.34,-8.73,5.37
1726357085.9555745,-242.25,-275.82,569.09
1726357098.5042782,34.42,-2.62,-105.83
1726357245.31488,-33.08,111.94,108.52
1726357333.917619,55.66,148.44,-2.56
1726357480.122626,111.51,-6.1,-323.36
1726357125.3320217,-258.73,-253.3,569.76
1726357091.6027286,-49.8,-40.53,100.59
1726357275.536917,-65.86,-130.25,500.24
1726357088.6375778,234.74,19.65,-566.04
1726357042.0508888,18.13,172.18,-230.16
1726357063.741675,162.54,-201.72,-149.48
1726357323.6828742,22.46,52.98,5.68
1726357229.9276202,94.97,-204.41,248.54
1726357251.4976325,-147.09,-83.92,-15.56
1726357382.280543,15.2,-1038.57,172.85
1726356848.2763114,-1.1,-0.31,-0.79
1726356855.7990005,-2.08,-0.61,0.37
1726357325.626106,-66.16,-44.31,-337.34
1726357179.3700037,109.07,256.71,-191.96
1726357053.5476816,245.91,279.48,310.67
1726357456.4339032,537.78,-236.94,383.73
1726357406.822557,-87.59,347.9,454.47
1726357093.3572516,343.81,-512.15,-187.99
1726357396.888015,-85.82,-108.09,-25.27
1726357381.0741076,11.23,121.77,164.92
1726356872.4300623,-496.28,247.74,-860.41
1726357354.7095923,75.07,-333.37,47.91
1726357378.64936,161.25,-315.37,-46.75
1726357492.6817522,157.04,79.22,244.63
1726357219.6634507,-95.28,129.76,482.3
1726357177.4003787,-96.31,164.06,501.65
1726357140.6875434,-308.11,-126.46,-470.52
1726357274.8895922,49.56,2.93,54.75
1726357157.5526645,-11.96,50.96,260.13
1726357316.8828156,-174.13,-28.32,-201.6
1726357306.16865,34.85,111.88,86.43
1726357424.506864,12.7,-21.73,23.56
1726356882.7183778,465.88,-197.27,478.52
1726357412.3235877,109.92,134.09,101.07
1726357024.4014251,473.27,26.61,123.54
1726356827.811835,-0.18,-0.37,0.12
1726357303.4343183,35.58,0.98,211.61
1726357213.6851292,-167.97,692.81,278.87
1726357107.6834166,-154.54,-248.11,-448.43
1726357373.930852,-26.67,319.46,-103.76
1726357371.2081852,83.86,-812.62,-326.6
1726357293.924559,150.57,-27.95,-256.16
1726357153.22561,106.81,36.93,760.8
1726357480.6711533,-50.78,282.04,684.88
1726357064.6043067,-678.53,-271.55,627.26
1726357382.0376494,-70.8,-394.04,365.6
1726357437.2903955,1.71,8.67,-2.56
1726356886.226632,-265.38,-13.24,1016.72
1726357392.463274,245.36,-936.89,-222.05
1726357474.1235497,112.18,98.14,-29.48
1726357206.2152514,160.89,-274.48,234.37
1726357331.9233327,222.47,-140.56,-249.94
1726357287.3752756,74.83,51.51,-15.93
1726357244.0637658,232.85,-342.71,-375.79
1726357139.446957,29.66,-52.06,585.27
1726357513.3661697,-1.83,-4.58,0.49
1726357437.5392995,1.16,-2.44,-0.55
1726357104.1244967,92.22,-378.66,-356.02
1726357254.9615548,-175.9,-227.11,140.99
1726357311.898744,19.41,-27.04,-187.87
1726357243.511307,-254.94,128.54,226.14
1726357051.6094866,515.87,286.13,470.21
1726357006.1605663,-1.1,0.37,-5.07
1726357257.9847891,-181.76,-708.74,-220.03
1726357028.2637398,-367.0,-674.99,-465.21
1726357383.048057,45.47,463.68,29.91
1726356854.254501,1.4,-0.31,1.4
1726357173.7158573,-4.03,77.64,231.14
1726357100.3335493,68.48,-560.36,-257.81
1726356874.2693546,-216.0,299.32,-616.33
1726357451.5838668,120.85,-140.93,141.3
1726357244.536604,-54.14,-91.13,-65.31
1726357502.012766,-1.1,-4.58,-0.43
1726357107.2010603,414.0,-446.47,-150.7
1726357394.210145,161.01,-329.65,465.94
1726357083.9418972,362.06,147.89,355.9
1726356858.2505677,4.52,-0.06,0.67
1726357147.196724,170.96,-542.66,-99.79
1726356842.5758877,-1.4,-0.43,-0.06
1726357249.4393334,13.55,40.77,-3.72
1726357177.6467073,-44.31,380.0,133.12
1726356997.9274294,-2.81,-0.79,1.22
1726357184.685361,-16.24,341.19,-190.31
1726357329.446072,78.8,155.09,-238.4
1726356836.50288,-0.24,-0.37,0.12
1726357316.62213,-15.26,-96.37,-84.84
1726357483.1942427,-446.23,459.05,186.83
1726357435.5561144,12.27,-12.82,3.3
1726357348.6109316,-187.81,542.11,-25.33
1726357266.5772731,123.54,-50.17,366.64
1726357484.4363737,72.75,384.09,-684.45
1726357500.5242045,-0.06,-0.85,-1.04
1726357199.416577,157.35,213.93,-604.86
1726357509.985719,-0.92,0.67,-0.31
1726357194.8798916,453.74,-93.99,-392.46
1726357269.611018,80.08,-320.86,550.9
1726357092.0865192,-77.58,-287.54,416.14
1726357349.8324113,-246.03,551.94,135.31
1726357151.2259874,48.77,216.13,-1048.83
1726357425.722442,35.71,-545.35,351.01
1726357032.5387511,-747.13,-1022.95,-312.01
1726357337.34789,173.58,13.18,-236.57
1726357476.2599697,-0.61,18.25,-33.33
1726357298.8622744,16.6,80.44,69.03
1726356830.3534582,-0.18,-0.37,0.12
1726357374.6577566,127.32,-165.16,411.44
1726357330.7035725,-354.61,-107.18,544.86
1726357299.1201258,-124.45,-165.65,483.52
1726357393.4574652,2.01,531.49,-272.16
1726356880.8535964,-69.95,698.85,187.68
1726357364.0559633,-119.87,734.92,94.91
1726357455.699231,-41.38,458.5,-394.53
1726357066.5039916,131.96,-260.01,-401.98
1726357069.638011,-446.23,-208.44,714.66
1726357287.6540508,-37.05,-43.09,213.26
1726357116.2896693,322.27,-393.19,-264.22
1726357420.1914968,-96.74,156.98,-33.45
1726357369.0922582,127.14,-598.02,50.72
1726357332.1817927,237.43,-162.72,-353.52
1726357452.8828,210.57,-599.91,-200.68
1726357279.1884096,-1.71,32.78,-406.92
1726357300.1351442,-70.07,73.97,55.6
1726357224.7559772,84.41,-70.19,-71.47
1726357496.3761635,-129.88,-8.91,269.35
1726357377.9092655,-313.23,524.48,-131.29
1726357161.4804606,-132.63,-213.56,-13.37
1726357436.0492609,-12.08,28.26,-5.31
1726357261.001448,369.51,-378.3,251.04
1726357248.4984334,-138.43,-4.21,-23.13
1726356851.8592844,-3.23,-0.49,-0.79
1726356857.9484367,1.4,-0.24,0.24
1726357194.1458452,16.17,-6.23,450.68
1726356834.7137475,-0.18,-0.37,0.12
1726357115.2768364,-159.67,-368.9,373.35
1726357065.9929185,113.83,101.93,-521.24
1726357286.1442442,-20.75,-1.04,-134.89
1726357260.0181017,-75.87,464.48,201.23
1726357485.9169557,-213.01,777.65,11.05
1726357377.421751,21.85,236.69,28.38
1726357246.8151803,-44.43,38.76,36.19
1726357399.8239083,-132.69,-460.02,18.92
1726356855.4634073,0.67,-0.31,0.43
1726357396.3961413,95.83,-404.48,232.91
1726357007.46914,5.25,2.2,-3.11
1726357099.5317917,-82.21,134.89,625.79
1726357356.171415,40.65,35.83,-55.54
1726357202.0908444,636.6,-227.36,-41.93
1726357000.058401,-4.15,-2.01,2.87
1726357167.0850177,107.97,88.38,-354.92
1726357313.175814,39.12,48.1,79.1
1726357474.8892882,118.41,-111.82,42.36
1726357248.2592795,12.02,170.47,-0.85
1726357316.1352928,-105.77,-36.01,352.17
1726357490.5453513,-44.01,-52.31,-407.23
1726356868.9311116,-243.77,-135.56,919.8
1726357067.827596,231.63,268.62,296.87
1726357031.556279,-631.23,-852.05,592.96
1726357270.3424373,228.76,-472.72,-28.87
1726357400.3075442,230.29,845.89,-175.29
1726357105.5597932,-79.65,-375.98,245.97
1726357494.8858244,82.95,100.71,169.56
1726357435.314577,28.08,-52.49,31.74
1726357398.5878282,-106.02,107.97,-39.18
1726357405.5908391,290.41,220.4,-794.07
1726357456.686572,-21.61,-465.15,278.14
1726357129.9487717,360.78,132.87,-667.79
1726357369.3514752,53.96,-379.27,15.63
1726357139.942793,303.65,86.61,-430.11
1726357465.3881106,12.82,-33.02,47.91
1726356997.127529,-11.11,-6.96,2.93
1726357373.1750832,-79.16,-200.01,409.85
1726357122.8707972,-71.47,212.4,-9.7
1726357388.802443,206.05,44.98,180.97
1726357058.1062987,452.7,-108.95,-706.05
1726357155.8726568,93.99,54.99,-184.69
1726357219.9037206,177.92,170.47,-89.11
1726357338.6680107,36.99,93.69,-82.28
1726356873.2016804,-2.93,107.36,-739.2
1726357185.442893,14.95,-251.71,218.75
1726357222.7236052,-97.05,397.64,330.87
1726357420.940333,7.02,-30.64,61.77
1726357270.5852969,29.36,-189.76,-78.25
1726357335.2819858,-124.57,87.16,279.36
1726356876.908602,-433.65,127.62,-868.53
1726357292.1921687,-60.79,-14.77,-213.62
1726357027.0074532,-720.83,-69.15,-458.68
1726357338.1012616,384.46,580.38,341.67
1726357083.3859355,-687.62,72.63,452.39
1726357198.9039648,-48.4,190.61,349.37
1726357208.476001,275.94,11.66,-227.36
1726357370.663315,67.26,-497.38,310.97
1726357091.845088,-277.59,-295.41,671.26
1726357392.211941,-299.93,-489.81,157.04
1726357051.1082537,-608.52,524.84,498.9
1726357422.64844,-111.51,191.47,-129.46
1726357240.3272693,73.3,63.6,-28.08
1726357471.9343874,-732.67,-347.6,150.51
1726357115.8236015,-49.62,332.15,-467.1
1726357456.9333804,-99.61,162.78,-303.71
1726357005.894177,-1.28,-1.28,1.46
1726357176.8887942,186.16,-100.4,-173.58
1726357228.6693947,54.57,-145.63,118.29
1726357235.0872366,-235.96,358.76,228.09
1726357440.7825353,1.95,-6.9,2.75
1726357174.953178,-74.22,-171.26,217.77
1726357200.8156054,427.73,-138.92,-445.31
1726357153.9621036,143.49,305.3,-261.78
1726357186.69865,49.8,-260.31,236.88
1726357351.0793507,-53.1,-3.78,-104.06
1726356869.467382,232.85,191.65,393.01
1726357109.9409275,151.67,-399.96,-609.19
1726357094.092491,-372.8,563.17,16.66
1726357004.5833762,-2.99,-2.44,3.36
1726357433.608597,0.85,-292.6,-96.25
1726357495.3810196,439.88,150.7,516.91
1726357374.1829157,-13.0,478.76,-69.21
1726357113.0222702,-404.85,-286.32,883.61
1726357227.2003503,-61.4,31.68,173.28
1726357134.8441477,-187.5,309.27,550.96
1726357345.1080575,-41.56,90.58,-74.71
1726357443.286229,-0.43,2.14,-3.66
1726357164.1421273,24.6,270.75,-289.43
1726357166.5995195,-8.06,114.2,-69.64
1726357210.0613365,-74.46,-248.84,-806.15
1726357077.5772493,328.49,438.66,50.6
1726357302.185041,6.9,-46.51,104.49
1726357248.9551225,-54.44,-139.65,16.36
1726357101.6363485,-287.35,-407.71,-5.25
1726357453.859063,-121.83,-165.28,-276.18
1726357028.5044866,-1963.62,97.9,-514.71
1726357109.6803892,334.23,-276.31,-706.42
1726357165.107708,23.25,18.86,142.09
1726357278.9590113,20.32,424.44,-290.59
1726357182.18111,103.27,182.01,-429.57
1726357500.0542462,-4.76,5.68,-6.23
1726357056.1245704,482.67,-182.8,-537.54
1726357487.3545697,119.02,-422.36,227.84
1726357015.666858,94.67,75.62,-11.9
1726357023.598134,81.3,-706.3,505.49
1726357206.7064953,-24.72,384.58,473.75
1726357171.7387931,-91.61,-172.12,-197.27
1726357081.8872051,317.69,274.23,229.49
1726357293.4420853,-117.92,104.55,272.95
1726357417.945662,65.86,70.8,-159.91
1726357326.6274445,23.25,-69.7,211.85
1726357343.874682,-59.08,-163.02,-232.42
1726357324.175638,352.72,-424.13,-424.01
1726357408.550355,119.45,198.0,-495.36
1726357075.7775805,278.69,-125.98,-670.29
1726357306.6751134,125.37,212.71,-96.25
1726357052.5928018,-59.88,-439.27,-322.51
1726357154.6776278,-5.55,-203.25,-279.3
1726357277.975913,108.7,95.76,53.77
1726357141.9167645,148.32,297.36,33.26
1726357508.3030648,-0.79,-1.77,-0.61
1726357276.5413055,-108.83,-19.47,-160.83
1726357407.3212607,127.2,-182.25,-63.96
1726357503.4520023,1.22,-2.87,1.28
1726357103.5027564,51.03,-116.15,6.29
1726357169.5383255,-173.03,377.01,-24.54
1726357470.6392145,-38.02,-8.0,-68.18
1726357077.3120563,211.43,134.16,478.33
1726357170.734069,-166.99,238.71,-0.98
1726357127.7540247,296.51,399.66,-405.7
1726357099.2504635,72.02,-53.83,708.25
1726357172.231398,-83.74,213.32,22.77
1726357409.3895066,134.09,-4.52,-20.02
1726357284.623115,-1.28,-38.02,44.86
1726357280.9257,-22.28,321.35,543.52
1726357217.3967547,-181.76,737.37,346.68
1726357458.8551352,-3.17,-233.15,368.23
1726357355.427369,27.1,91.49,-72.94
1726357253.9635007,61.28,-253.11,871.95
1726357269.082374,95.46,23.25,-115.97
1726357089.1158714,276.43,-324.28,-144.1
1726357427.2118747,-91.19,14.28,17.15
1726357381.8021815,-202.39,310.18,333.37
1726357101.9397497,-52.0,-361.82,262.94
1726357073.554644,61.77,-328.37,-163.33
1726356883.9550426,-36.99,140.69,524.29
1726357364.6555824,-74.58,-266.11,185.12
1726357391.4901197,-120.67,626.83,298.83
1726357256.7085776,593.32,708.25,407.59
1726357032.0560105,-1172.55,424.74,920.23
1726357136.108581,484.68,-129.15,-500.06
1726357160.49555,131.47,-138.55,-282.78
1726357491.4932687,-104.31,54.57,130.68
1726357374.4251285,32.53,352.97,-48.83
1726357418.9476488,-255.55,708.68,-173.1
1726357072.6195216,298.22,521.85,-176.45
1726357394.4447296,138.12,-748.6,447.27
1726357331.1741986,91.67,-16.48,356.87
1726357201.0605102,298.71,-320.98,417.18
1726357131.1620238,-586.85,-370.73,686.95
1726357203.6590357,308.11,-367.68,370.3
1726357105.3151414,124.39,22.4,-121.22
1726357187.1747808,-44.19,278.63,-184.39
1726357175.208599,-247.44,-198.79,75.26
1726357344.380074,-217.29,197.51,533.57
1726357026.496452,238.28,-549.5,140.5
1726357392.7073064,247.86,-638.55,186.4
1726357183.186169,-46.26,356.45,-67.38
1726357203.9252782,49.26,-285.1,389.34
1726357446.6629336,0.92,-1.95,0.43
1726357335.825842,-338.44,69.34,388.61
1726357152.2126696,493.96,642.03,-382.51
1726357149.491204,-143.62,-112.92,275.57
1726357218.634268,289.37,-437.38,-444.52
1726357403.29427,-11.17,-60.55,-114.62
1726357345.62001,241.64,-232.97,180.79
1726357050.388578,398.01,-558.35,-237.49
1726357059.3919418,-476.87,-326.05,775.21
1726357299.619863,224.06,70.31,-523.93
1726357263.057203,23.74,22.34,730.59
1726357233.8473997,-106.26,331.36,243.53
1726357443.033764,-0.37,-3.17,8.0
1726357058.352568,318.42,-483.83,-444.82
1726357275.7699697,18.62,200.07,351.68
1726357086.188641,198.55,118.71,189.76
1726357128.2585766,345.76,-522.09,-370.48
1726357490.796707,-191.22,26.31,-93.69
1726357323.439501,-362.37,-58.47,359.8
1726357068.0792818,435.85,376.71,-298.83
1726357253.703266,280.21,-85.08,205.26
1726357010.0617738,-96.19,-80.14,74.28
1726357179.8542387,217.59,-248.78,82.95
1726357233.6205175,-234.74,434.27,372.25
1726357512.639698,-5.07,-3.78,3.78
1726357016.4832568,-102.6,-70.92,24.72
1726357281.9118514,-386.05,51.51,4.46
1726357495.1390438,173.22,-274.72,-548.1
1726357261.2442188,-111.88,-775.45,293.88
1726357361.745062,-129.39,759.58,44.86
1726357164.3863106,120.06,48.1,-265.08
1726357489.3145964,30.82,-64.7,-300.48
1726356848.5511668,0.67,-0.67,0.92
1726357273.9075556,53.22,73.55,-20.08
1726357036.8621392,-812.13,-923.22,568.24
1726357147.4515522,-73.3,-366.15,-276.31
1726357409.6348555,48.83,-268.55,514.34
1726357404.8600943,135.38,-190.25,-147.09
1726357041.3058696,-557.01,-556.21,689.7
1726357308.911972,43.03,-14.04,-108.4
1726357397.3731787,-38.57,159.55,-162.05
1726357417.1158645,-50.9,-447.51,68.54
1726357325.1467123,614.38,16.17,-783.45
1726357327.1629348,-90.76,226.93,-262.76
1726357079.3416257,-267.09,-578.55,446.9
1726357005.110574,-0.67,-0.92,1.22
1726357398.8424594,-86.49,694.76,-83.5
1726357350.3378391,117.31,-13.43,77.39
1726357422.9063954,26.86,-47.49,-11.05
1726357488.092064,167.36,-169.07,-863.65
1726357320.5609083,-356.45,-830.93,95.89
1726357036.1211262,-739.32,-947.69,-38.64
1726356874.8319988,-51.51,-68.54,-1020.69
1726357389.5290124,288.64,103.39,751.89
1726357317.5901227,216.8,13.61,113.95
1726357098.7350943,-131.59,-298.46,329.41
1726357303.6849506,-119.45,-97.29,186.1
1726357359.050727,-3.42,379.7,38.33
1726357300.3681624,-24.23,31.49,-294.98
1726357089.3556974,327.09,156.25,649.23
1726357076.792274,-299.99,-114.44,712.28
1726357127.5064757,287.78,157.41,339.11
1726357413.8217173,23.68,249.45,-275.33
1726357132.8856647,-403.93,483.89,577.39
1726357427.9333534,42.05,-487.55,333.5
1726357231.8785954,-302.06,388.12,-275.57
1726357311.3837926,22.28,71.72,138.79
1726357359.5417905,239.07,-492.25,281.43
1726357184.442701,-64.76,203.67,-16.54
1726357432.636081,0.18,-46.26,-93.2
1726357510.721067,-1.04,-2.2,2.69
1726357475.117404,120.48,-133.91,2.5
1726357320.318941,-51.21,-424.68,761.54
1726357113.754974,363.16,168.03,-484.13
1726357251.7393224,-68.18,88.93,-53.77
1726357259.3015635,-319.46,115.97,206.54
1726356871.351027,-297.55,377.99,500.55
1726357206.4615045,121.7,265.2,474.06
1726357438.026849,0.92,-0.79,1.53
1726357175.691505,-87.65,253.42,-152.04
1726357368.072934,-17.03,627.56,-192.99
1726356995.7963283,1.04,1.59,-0.43
1726357462.9475842,2.14,-18.07,-46.26
1726357220.1375918,210.27,-209.59,-605.29
1726357304.694654,78.37,150.45,215.09
1726357020.282559,-89.84,-12.15,113.95
1726357367.3342738,-8.54,-18.01,142.03
1726357411.3409452,69.76,-23.25,-8.3
1726357144.109356,99.37,191.41,901.98
1726357215.162132,245.48,-323.97,-268.55
1726357221.702901,36.68,-176.82,40.16
1726357264.2947924,366.64,-243.9,544.25
1726357218.410236,226.5,-292.11,-661.5
1726357115.5543485,334.29,174.68,254.21
1726357257.2319486,81.24,-17.88,-20.45
1726357170.0106173,70.92,-305.73,225.52
1726357175.92785,65.73,-62.68,-26.18
1726357348.3397603,-209.41,828.25,27.71
1726357018.903779,147.58,-79.35,-224.18
1726357181.3775425,137.21,-165.41,501.53
1726357014.8336744,-19.47,48.65,16.85
1726356884.7129967,-224.49,-557.86,669.56
1726357403.871232,-121.22,237.55,213.93
1726357446.3993268,0.79,-2.38,2.93
1726357251.2354977,-23.13,-68.3,50.84
1726357068.6425834,169.31,-615.78,-412.84
1726357037.8353927,-305.42,-474.61,248.9
1726357139.7102983,198.18,323.18,203.74
1726357192.5119965,362.37,-217.22,224.91
1726356843.7852006,0.92,-0.12,0.49
1726356882.1757784,-340.27,-197.51,-447.81
1726357297.6106434,-41.08,200.56,-314.7
1726357468.7017224,-302.06,112.0,64.7
1726356880.602147,-538.51,610.29,-141.3
1726357010.3646438,20.2,16.48,-0.49
1726357017.788372,-122.31,37.23,226.26
1726357190.274393,279.97,-206.85,469.36
1726357154.434463,82.82,-551.45,-239.62
1726356866.6106994,-28.69,404.97,170.47
1726356849.4567285,-0.37,-0.31,0.92
1726357023.114242,102.97,-336.43,217.29
1726357295.6803706,-11.11,-18.86,279.24
1726357297.3613162,-35.1,-47.18,-257.26
1726357449.6620438,2.44,0.06,0.49
1726357386.8176968,-204.9,773.68,14.65
1726357046.1224778,368.71,-605.65,-128.54
1726357497.618044,-76.23,135.86,-123.29
1726357426.2297328,-57.01,169.62,-81.97
1726357396.168079,-54.63,234.74,-192.5
1726356878.833957,-521.0,632.51,-443.73
1726357192.7541835,39.61,-130.25,425.35
1726356869.72022,-25.76,-25.21,390.38
1726357442.049884,-0.55,-2.38,-3.11
1726357512.3905385,0.24,-2.81,-4.21
1726357123.6315076,83.92,-27.28,392.03
1726357137.0527675,-482.06,-34.67,406.74
1726357099.7804348,135.68,391.97,425.11
1726357473.871516,162.6,144.17,-7.45
1726357398.093976,79.65,80.87,247.38
1726357113.274234,116.82,-130.62,555.36
1726357137.5436988,53.83,-91.49,268.31
1726357049.9016502,268.13,246.03,-630.43
1726357445.5747356,0.0,-4.76,-1.28
1726357075.1805334,66.77,-8.67,-304.38
1726357194.387643,150.27,425.66,-19.71
1726357419.6819327,71.78,-333.01,137.02
1726357037.6092298,-617.98,-100.22,711.98
1726357367.099694,63.05,-142.4,337.52
1726357086.4478006,128.11,112.0,-432.92
1726357369.617316,-72.02,155.09,45.59
1726357399.586988,79.65,-359.56,458.25
1726357427.6872382,22.83,-439.15,388.18
1726357134.3539338,152.28,-251.28,-508.0
1726357221.9427943,269.65,-52.19,-39.43
1726357331.6482892,1045.53,182.37,-102.36
1726357326.385972,-262.39,-316.59,525.21
1726357087.19058,-37.05,-157.35,-358.83
1726357381.5645385,-187.74,802.8,-56.09
1726357044.3176618,-323.06,454.35,-4.64
1726357500.7680378,-3.91,-2.01,-0.43
1726357414.151921,139.04,-574.77,441.59
1726357475.725389,24.05,13.18,-32.84
1726357178.8948753,36.99,10.44,87.34
1726356887.8724148,613.16,-41.08,826.11
1726357400.7828405,-7.81,-202.33,373.47
1726357000.6445377,-2.87,-1.53,-0.43
1726357464.650206,34.0,-27.53,37.84
1726357453.5853915,-95.28,-507.75,315.55
1726357467.923663,-39.98,-42.91,67.63
1726357488.3387463,90.64,170.47,222.23
1726357436.2984445,8.61,-0.67,2.08
1726357055.1013846,-427.8,-2.38,484.74
1726357169.7740872,-78.92,8.06,145.14
1726357272.3860228,242.98,131.65,-102.05
1726357467.1719737,-19.59,-265.75,-56.7
1726357187.972869,6.16,-241.58,420.29
1726357135.1388984,-358.34,-49.26,646.55
1726357254.44411,569.27,1159.73,289.25
1726356867.8668246,322.14,307.31,713.44
1726357059.13714,-611.15,398.62,549.01
1726356838.9375658,-0.31,-0.37,0.06
1726357430.6515803,40.47,-165.59,-10.25
1726356992.4997072,1.71,0.79,-0.67
1726357248.7275555,52.31,-84.47,15.63
1726357091.1090193,25.15,213.62,-571.72
1726357496.1407084,-449.28,126.4,98.45
1726356868.40395,-267.82,-230.1,820.8
1726357047.3426943,397.28,215.15,555.42
1726357486.387514,104.49,-653.99,-227.97
1726357097.7878623,216.19,-76.78,-180.11
1726357143.6154518,80.81,-806.4,429.99
1726357310.4092343,62.5,-37.84,-266.97
1726357070.3809843,411.68,552.98,-50.48
1726356994.7197676,-0.24,-0.31,0.18
1726357260.754845,95.09,165.34,-97.29
1726356886.466809,162.05,-327.09,887.39
1726357074.0952122,-362.0,546.45,280.82
1726357341.892028,-80.44,185.85,213.81
1726357114.019346,351.26,-424.56,-661.5
1726357093.601797,132.93,-356.51,-178.83
1726357383.8849697,206.42,-53.53,297.61
1726357391.2527225,-24.72,52.43,153.14
1726357169.0479534,-31.07,-268.68,-82.4
1726356884.2102926,210.63,594.6,388.98
1726357431.1520116,27.65,-155.64,-284.18
1726357024.67544,-357.6,-443.79,631.23
1726357031.8101487,-865.97,-594.73,-702.82
1726357282.3805792,123.17,-303.53,-50.05
1726357160.251088,113.16,-122.07,-486.27
1726357089.8570132,-277.59,474.73,130.37
1726357410.1270847,84.35,-102.36,160.64
1726356882.4329617,177.19,18.31,-717.1
1726357385.11951,270.63,838.44,-315.67
1726357227.9295034,-17.94,-121.34,-415.59
1726357095.795999,257.08,-263.79,-190.73
1726357141.6904483,387.7,-101.99,532.47
1726356877.9609172,-466.8,626.95,-591.74
1726356859.9213734,3.05,0.0,0.61
1726357424.013034,-26.49,82.21,-35.28
1726357003.8098972,-0.73,-0.67,0.67
1726357285.146885,2.44,50.17,-19.78
1726357048.112811,284.73,-751.59,-379.09
1726357219.1698546,-174.38,605.04,505.49
1726357399.33648,-5.13,-275.27,15.5
1726357444.773221,0.79,-3.66,0.06
1726357162.6730623,-11.84,110.78,-96.31
1726357227.4290469,140.99,0.85,-101.99
1726357180.8979795,109.56,171.51,-492.07
1726356873.7156622,1462.04,308.11,-911.38
1726357239.3517942,-27.95,91.06,89.17
1726357035.879307,-405.52,7.08,1116.09
1726357401.0271084,278.63,-202.94,484.92
1726357332.9280236,-0.55,192.26,-147.22
1726357043.3633249,317.02,-306.15,-642.64
1726357353.5045226,-50.05,-77.27,-34.55
1726357487.1198475,52.37,392.76,-221.19
1726357199.6956165,449.1,-161.19,251.71
1726357042.60386,364.14,-495.67,-568.54
1726357284.1422148,100.04,-24.9,-61.83
1726357153.4687731,-58.29,386.78,414.98
1726357093.067498,259.22,-483.95,-292.6
1726357138.73043,1.65,-31.37,-145.14
1726357401.5335574,11.47,-336.18,-296.94
1726357502.2643025,-0.98,1.1,-1.83
1726357211.8792157,-159.0,-47.06,912.29
1726357009.2607915,224.43,94.97,107.54
1726357385.3477492,-223.88,504.64,108.03
1726357181.1424036,354.74,-156.74,-11.96
1726357127.2641065,-22.28,-388.55,497.19
1726357176.1741931,119.38,-259.28,98.45
1726357156.344071,205.26,-327.88,-416.69
1726357227.6762998,41.69,-287.17,-311.46
1726357014.0202084,70.25,81.48,-17.15
1726357014.5642617,23.74,22.95,29.42
1726357451.3267226,144.29,-237.24,97.66
1726357121.896968,135.01,178.04,-70.62
1726357492.4503922,18.43,-669.74,-335.02
1726357058.6153326,-104.43,-330.26,-466.55
1726357515.0457733,23.38,22.71,-18.86
1726357196.3509097,1.83,-164.18,456.3
1726357336.0954494,-114.2,-176.33,101.14
1726357132.1644182,477.84,-370.85,-522.4
1726357033.8457916,-1202.39,312.74,732.18
1726357425.964811,67.44,-170.23,-12.02
1726357314.8823702,-146.3,-855.53,430.66
1726357162.9105268,-4.21,-85.14,112.3
1726357445.2982724,0.43,-0.92,-0.92
1726357056.6330364,-258.73,-143.68,-367.98
1726357243.8099017,7.63,140.32,112.06
1726357476.0024178,-17.52,19.1,-51.82
1726357435.8055365,-9.34,24.29,-22.95
1726356998.754245,-2.99,0.85,-1.4
1726357289.898892,190.67,129.7,-218.2
1726357097.549211,118.23,-80.2,-111.33
1726357157.8215308,25.39,120.0,-111.76
1726357309.8995922,111.33,158.51,18.68
1726356995.2531486,-14.83,-7.2,5.0
1726357290.9008052,69.64,56.95,166.87
1726357239.5966237,65.19,-51.57,-367.8
1726357406.0986006,-87.22,-27.89,380.92
1726357446.9037824,-0.85,1.46,-1.46
1726357169.300209,-134.4,300.35,-141.6
1726357208.716558,226.75,-276.31,-528.08
1726357247.319694,103.58,19.35,1.04
1726357150.2087808,341.74,15.2,-236.15
1726357301.113258,-139.53,-39.25,9.58
1726357491.0357618,-33.51,107.54,274.05
1726357210.3218925,321.59,-103.94,-617.25
1726357441.0462875,0.0,2.5,-3.91
1726357291.2175255,-205.2,-205.14,111.39
1726357185.6986396,-79.71,178.41,77.21
1726357459.8640678,195.68,-104.31,49.99
1726357187.447444,102.78,187.93,-377.62
1726357047.0879822,-255.74,-267.33,864.99
1726357159.0101883,-189.51,381.1,428.71
1726357088.8740945,313.72,-208.98,-626.4
1726356853.0590875,-1.22,-0.37,-0.49
1726357298.1232402,-114.69,-151.06,320.43
1726357106.945115,232.12,287.6,-94.85
1726356880.3610334,-13.73,730.35,-402.04
1726357226.2174292,72.81,-338.56,-176.88
1726357491.264372,-80.14,-390.38,-150.45
1726357343.6343508,171.02,-1.71,-170.9
1726357248.0229435,-59.02,77.15,-12.45
1726357121.1368318,-237.43,282.53,501.4
1726357343.3971734,234.86,-79.83,-180.3
1726357143.853684,473.51,-328.31,764.95
1726357081.1343696,-394.17,454.04,492.19
1726357110.229943,-80.32,-124.82,-509.16
1726356888.6140172,316.96,-80.2,593.02
1726357031.298778,-433.04,187.5,836.36
1726357386.3305426,-90.7,84.9,62.32
1726357025.4252846,-396.18,598.21,228.21
1726356875.8938372,596.19,479.43,-663.09
1726357108.159447,-398.93,333.44,527.77
1726357057.1008475,-535.34,-143.13,665.04
1726357298.5910285,-7.93,160.95,-447.02
1726356880.073423,-345.34,861.39,80.08
1726357480.4453435,-81.79,78.0,786.93
1726357156.8392873,-71.96,201.48,-13.49
1726357192.2696557,146.55,140.81,-463.81
1726357350.0932608,-11.84,664.18,-142.82
1726357350.5809703,33.63,-623.17,425.42
1726356863.5177,-213.68,-184.2,240.17
1726357317.843194,75.2,15.08,127.08
1726356869.9883077,64.21,-134.64,234.37
1726357200.5574636,105.16,356.69,-355.22
1726357046.61475,-297.42,200.44,-299.32
1726357281.6772788,55.42,663.02,-96.98
1726357008.0026386,3.36,3.11,-1.53
1726357180.127034,158.57,-99.73,419.37
1726357057.6001918,452.39,252.2,388.12
1726357033.0597992,-691.22,-512.15,894.41
1726357131.9229395,375.43,313.11,-576.54
1726357187.7051609,249.63,-133.67,83.13
1726356842.174583,-0.31,-0.37,0.06
1726357203.10492,361.57,23.01,-622.8
1726357334.4039395,333.92,-124.82,-320.86
1726357057.843009,241.03,407.71,-506.65
1726357009.017893,246.15,97.78,-37.11
1726357046.8476086,-825.07,311.52,807.07
1726357243.2491894,-64.58,341.43,157.41
1726357125.5872717,199.04,113.77,322.45
1726357148.7420986,21.24,289.86,488.77
1726357507.3306916,-0.18,-0.92,0.18
1726357353.9889176,56.58,-8.36,23.99
1726357211.6264944,-468.2,110.29,725.46
1726357150.4710982,107.73,-267.21,-408.08
1726357030.809488,-772.52,-1014.53,442.63
1726357492.9366848,41.02,152.22,97.84
1726357402.5055249,78.31,159.3,-219.79
1726357513.1148596,-0.43,0.67,1.04
1726357071.370612,77.82,-535.4,-230.53
1726357189.2243736,60.36,-147.83,526.12
1726356878.323038,-345.21,727.42,-447.02
1726357383.6366963,-57.25,492.68,-300.78
1726357034.6595936,-1091.06,-329.9,-743.23
1726357353.7470682,48.16,-341.98,-41.32
1726357328.9612513,-161.68,126.04,328.92
1726357307.908911,-107.67,-128.85,220.64
1726357004.8254166,-0.98,-0.85,1.1
1726357338.9081142,-30.33,258.24,-141.97
1726357025.9604905,-653.2,-817.93,286.93
1726357061.706216,-100.04,-390.69,545.53
1726357307.66712,-65.55,-127.99,40.1
1726357509.5034432,-0.79,0.06,-0.49
1726357190.759405,3.05,302.37,43.64
1726357446.1613164,0.24,0.43,-4.82
1726357338.410849,439.82,-56.09,365.91
1726357319.0582352,-75.93,-3.54,-48.89
1726357113.528592,273.38,350.34,195.98
1726357266.3395495,-55.73,-197.45,492.31
1726357181.6180024,26.12,81.79,301.57
1726357133.374349,-30.82,-184.63,518.98
1726357217.9081218,-106.87,62.62,404.42
1726357129.7009647,196.72,419.37,-111.27
1726357144.630314,-279.3,-613.1,-48.03
1726357363.793964,-20.94,84.35,-158.87
1726357486.1586993,-57.56,-179.99,-155.03
1726356998.2124062,0.55,-0.31,-0.24
1726357362.2255006,-232.79,193.66,97.41
1726357303.9140007,-87.65,150.39,-48.71
1726357142.6417515,321.53,-378.11,-370.48
1726357397.6121562,-111.02,-399.23,393.43
1726357417.6642032,-87.52,709.53,-207.03
1726357494.6544087,260.01,-67.93,193.3
1726357498.5817077,27.89,2.32,-20.14
1726357216.651184,330.87,-342.71,-639.4
1726357031.0494652,-1427.37,-399.78,-721.56
1726357252.7218106,80.75,-238.04,359.13
1726357503.6976457,-1.46,0.98,-0.49
1726356841.3726602,0.12,-0.37,0.18
1726357474.6092896,148.68,-7.26,78.86
1726357096.798523,-197.14,-209.05,91.86
1726357068.3344316,712.71,-466.86,-335.08
1726357451.8265474,-4.46,-215.88,165.04
1726357396.6459155,89.9,-404.17,226.38
1726357447.6786473,-0.06,2.93,1.4
1726357300.5973916,4.64,-46.33,-132.26
1726357512.1548977,0.43,3.85,-0.79
1726357347.6208534,87.77,-715.39,-106.14
1726357482.2264023,190.19,-518.98,-397.89
1726357355.179558,0.55,154.48,-9.64
1726357484.6928692,-332.28,392.09,-73.12
1726357282.15556,28.81,-184.57,8.91
1726357481.4360824,169.86,132.45,99.0
1726357211.355804,-376.65,75.38,45.04
1726357493.673436,136.35,186.52,23.74
1726357308.6642034,-84.53,90.76,-171.51
1726357493.9051,88.68,-180.79,-193.05
1726357301.926304,-39.55,-63.84,23.44
1726357242.2734032,-32.59,-10.99,99.0
1726357322.4018643,25.15,-255.8,794.8
1726357045.1165586,81.36,97.05,358.7
1726357313.6721792,73.67,-55.54,-163.82
1726357292.4420242,-28.26,124.94,-7.08
1726357366.1200333,-82.28,289.61,-283.87
1726357504.168618,0.49,-0.49,0.31
1726357001.5344634,0.92,0.73,-1.65
1726357428.6869998,-356.69,729.55,84.72
1726357125.828235,247.13,184.45,-316.28
1726357158.7744331,-9.46,137.63,-47.67
1726357051.3657188,-483.34,-152.95,741.15
1726357434.359928,-8.91,-41.5,-87.04
1726357302.677042,-68.48,65.0,-125.85
1726357065.693559,-171.87,-147.52,-345.83
1726356873.9725585,-573.91,-303.1,-745.24
1726357341.1452098,16.85,-184.02,-342.1
1726357256.217442,-133.73,-166.63,811.46
1726357283.384776,-111.94,57.01,88.5
1726357308.1561544,43.15,59.69,201.17
1726356856.7455645,0.0,-0.55,0.43
1726357016.76436,-172.42,-249.94,-18.86
1726357216.389278,117.55,-80.2,-378.11
1726357065.4318044,141.48,111.08,142.76
1726357294.6616502,51.88,94.91,-170.23
1726357466.6375673,137.94,-73.91,-97.9
1726357415.3850317,109.92,-332.4,478.09
1726357202.3546236,51.57,-311.04,500.12
1726357040.5752702,-79.77,-389.34,891.54
1726357412.583763,38.02,-119.02,348.69
1726356885.226725,177.12,63.6,648.56
1726357012.1996522,-2.75,-14.65,2.75
1726357267.794754,-108.52,44.92,8.18
1726357415.6026044,14.04,-466.06,283.69
1726357505.3960192,-0.24,-1.59,1.65
1726357128.976555,-690.8,280.88,607.42
1726357124.1066494,279.11,-42.66,-606.26
1726357163.6330838,-14.59,-50.48,133.91
1726356877.6945715,-191.71,109.5,-990.17
1726357130.6777053,-266.24,122.31,-352.11
1726357392.957576,107.73,-448.61,202.51
1726357386.586577,-20.14,1070.56,236.63
1726357241.5574305,44.62,47.3,47.49
1726357461.23098,-57.43,-20.14,-56.82
1726357198.096865,8.3,311.22,-407.41
1726356885.7275095,-148.44,-464.9,555.79
1726357092.5794916,175.6,262.7,267.7
1726357070.1162105,400.21,43.21,507.63
1726356831.0425117,-0.12,-0.37,0.06
1726357130.429514,124.94,-369.26,-358.46
1726357074.627715,80.81,-220.64,481.14
1726357352.3013597,182.92,-252.44,230.29
1726357082.3941553,428.04,-292.54,-700.2
1726357487.8588762,-50.54,-161.13,-62.13
1726357423.4657276,51.94,-105.41,7.57
1726357216.1354218,64.7,150.09,264.89
1726357226.7004707,-179.44,323.79,224.24
1726357310.6549735,-31.8,-105.71,-77.27
1726357038.5840533,280.76,678.89,-649.48
1726357032.3077896,-520.02,-491.33,979.37
1726357486.879464,7.2,316.16,-173.77
1726357465.1345406,34.18,-6.41,63.9
1726357001.8990643,0.73,0.31,-0.18
1726357106.4220257,-95.76,271.42,634.77
1726357417.373216,-208.37,234.01,-140.08
1726357463.1854572,23.25,40.95,35.64
1726357274.153963,-43.46,58.96,-134.03
1726357422.1529615,-93.63,46.45,162.29
1726357334.1558971,103.76,202.82,-311.95
1726357240.5872276,-73.55,251.65,104.25
1726357453.2178347,552.8,-441.1,716.98
1726357318.8182154,-44.25,18.19,28.87
1726357500.287502,-3.3,-3.23,0.31
1726357361.987361,-381.16,721.56,272.71
1726357145.9169116,381.47,117.61,-905.09
1726357067.5645225,23.99,-310.3,606.02
1726356866.164001,-70.31,289.61,130.07
1726357384.8498833,189.82,464.36,311.46
1726357195.12402,200.01,-109.19,593.26
1726357092.821645,367.37,373.78,-219.79
1726357231.3980217,-33.51,-412.84,-62.07
1726357249.21111,-3.11,29.66,-15.38
1726357119.5481646,97.66,-41.56,314.94
1726357448.419269,0.43,-1.28,1.4
1726357348.098281,-145.08,591.06,190.49
1726357062.9492211,248.84,507.08,-242.92
1726357231.639133,-319.7,-182.68,-498.78
1726357349.3523889,41.87,-848.69,-199.28
1726357460.355645,-34.48,185.67,-408.45
1726356872.9292884,-12.76,-462.4,-578.19
1726357010.8935816,188.78,-14.04,41.32
1726357026.2277377,64.27,-720.58,148.01
1726357103.117034,-82.4,266.6,110.9
1726357035.3981311,-796.2,-744.87,-459.53
1726357202.5902488,117.98,190.98,364.38
1726357170.259873,40.47,-338.87,-85.33
1726357319.819846,-11.54,16.78,-24.9
1726357057.3410776,4.58,-594.67,525.39
1726357346.375114,-85.94,712.71,125.18
1726357393.2078965,43.09,132.75,59.45
1726357506.8414423,-1.04,3.36,-2.56
1726357288.8804748,-4.21,81.36,-235.72
1726357055.3321936,-88.68,-316.89,516.17
1726357496.8638945,-91.37,-65.98,-40.34
1726357053.0638356,-623.66,399.54,419.49
1726357348.8647618,15.87,-11.29,145.57
1726357207.4664948,263.92,-201.84,555.36
1726357135.387566,-122.38,-220.83,452.7
1726357447.9261837,0.06,-0.98,-2.69
1726357246.5702806,-57.43,251.59,-15.5
1726357429.4322455,447.33,-278.44,450.81
1726356835.933622,-0.31,-0.37,0.12
1726357136.3494496,258.12,-402.4,-393.92
1726357035.1536374,-693.48,-667.79,669.37
1726357314.395257,-18.92,105.04,92.41
1726356993.4163544,-1.95,-1.04,0.49
1726356886.724157,380.49,-513.12,740.91
1726357043.8408828,89.48,-386.84,-347.41
1726357436.544741,13.18,-13.43,18.31
1726357024.9211078,86.3,-354.49,125.49
1726357408.813891,2.38,-19.04,268.37
1726357320.0720315,377.75,133.79,97.17
1726357305.9262648,-58.96,-146.91,173.77
1726357427.451041,127.38,278.44,-326.97
1726357357.8312895,-44.62,24.35,-13.18
1726356867.0928824,-142.82,259.4,532.23
1726357426.4739976,-153.26,308.72,-207.64
1726357415.8519642,-83.44,-137.45,-43.46
1726357006.91715,-15.75,-11.66,15.2
1726357511.6671207,-0.92,2.14,-1.77
1726357245.0746317,-324.16,255.62,434.39
1726357209.241058,-168.52,91.74,-1050.17
1726356867.6126342,291.38,78.25,852.42
1726357278.2279344,2.08,-21.0,221.56
1726357163.387957,26.73,-242.49,136.41
1726357410.6133056,-28.81,265.69,-258.24
1726357447.4102836,0.67,-4.09,-0.37
1726357495.8931432,139.47,230.71,-794.37
1726357360.5165317,-104.31,194.89,23.44
1726357335.537741,-146.91,231.87,414.18
1726357322.89845,185.85,447.45,859.86
1726357028.0000603,-151.73,-577.82,-54.87
1726357153.709618,-45.96,400.51,199.4
1726357371.6989946,-89.29,587.89,44.25
1726357428.1773715,-54.26,-220.58,-124.88
1726357228.1768918,-78.31,290.41,306.34
1726357389.0489185,-64.51,-623.35,499.02
1726357034.1159782,-449.77,-356.93,955.51
1726357121.638224,57.31,-121.77,326.29
1726357285.896833,-57.13,-65.55,153.2
1726357390.0296235,10.93,422.91,-606.26
1726356994.2129805,2.75,1.16,-1.22
1726357006.6545703,3.97,2.5,-3.36
1726357154.189146,602.6,-335.39,-185.61
1726357508.7800782,-0.37,-0.31,0.49
1726357143.1374476,-295.17,295.1,-355.41
1726357390.7552085,284.36,-665.1,72.02
1726357146.671116,-99.43,-609.68,-376.22
1726357021.0134552,-16.3,-88.62,165.04
1726357142.1626575,176.15,326.42,-318.18
1726357185.9391613,-37.9,435.42,-69.4
1726357375.864884,-243.47,541.56,60.73
1726357084.6765225,460.75,-500.79,-262.08
1726357454.956842,59.75,-295.23,222.35
1726357296.40899,-197.63,134.34,31.31
1726357269.3312018,328.67,-44.86,213.38
1726357225.4825394,-135.25,229.55,300.17
1726357414.6609662,-151.92,34.85,-100.46
1726357498.8448226,-6.16,20.32,-7.93
1726357345.3747723,168.27,-29.79,-207.76
1726357114.2622275,145.26,-445.56,-456.12
1726357170.5115187,-72.94,-37.41,-192.63
1726356875.371384,-268.25,405.15,-603.45
1726357102.8257823,-66.41,365.42,281.62
1726357262.5638528,-362.0,91.86,361.94
1726357043.0960054,79.77,-315.67,-708.62
1726357159.2583413,-231.63,161.93,489.26
1726357439.7801285,1.28,-4.94,1.89
1726357432.8885443,-39.0,29.24,-64.21
1726357431.6356976,-78.43,121.52,195.25
1726356844.6640568,-1.53,-0.31,-0.18
1726357199.1567175,-13.49,527.77,-118.04
1726357357.5614443,-42.54,334.35,-50.23
1726357493.1752489,170.1,-313.23,-530.33
1726357297.862151,-233.34,50.72,472.9
1726356865.321013,-136.47,12.02,-5.31
1726357172.7100651,46.63,-233.7,132.14
1726357291.7015462,-1.65,226.2,45.78
1726357006.4043758,-16.24,1.1,-8.18
1726357238.5894496,-90.21,235.96,109.74
1726357322.148152,-594.54,-268.74,725.95
1726357190.5226254,15.81,-120.97,411.07
1726357384.3654325,299.62,-573.3,68.91
1726357201.5533836,174.68,602.17,196.9
1726357095.2990308,359.5,100.04,-629.46
1726357404.3433962,123.54,25.82,-131.53
1726357397.8573284,38.7,-177.98,615.3
1726357230.913483,-352.29,-85.94,633.97
1726357449.1583707,1.1,0.12,0.79
1726357084.9222834,212.16,-355.1,-158.26
1726357061.1691716,-152.83,-40.95,-542.91
1726357329.9316666,115.97,-341.43,-254.52
1726357456.1760547,34.36,-343.93,85.69
1726357404.1012306,-70.19,150.21,-44.01
1726357000.3864045,-2.56,-1.65,1.59
1726357351.318134,-256.71,452.94,192.14
1726357230.4188042,-276.18,-49.01,-527.65
1726357460.1066065,28.38,-207.64,298.65
1726357351.809347,62.81,280.64,-250.67
1726357326.15275,-705.75,163.21,333.86
1726357027.5021927,-84.9,-380.25,768.31
1726357242.511113,133.0,-198.67,-160.95
1726357424.986894,2.81,113.77,-85.63
1726356862.8031714,-325.62,-178.22,-37.9
1726357307.175322,-49.93,-185.18,-59.63
1726357239.106063,-311.71,149.35,535.89
1726357017.5390308,34.06,148.86,95.76
1726357071.132825,392.94,-553.65,-150.94
1726357340.6386502,132.39,-515.5,29.05
1726357400.0803468,-174.62,72.08,103.21
1726357436.801703,12.21,-8.24,10.31
1726357323.9322417,243.23,39.67,-326.17
1726357498.337951,72.27,-60.0,19.59
1726357087.6721869,-539.25,194.82,448.91
1726357054.843067,-67.08,411.8,239.07
1726357462.4436774,16.42,-161.25,42.85
1726357055.6009042,249.39,207.21,265.99
1726357127.998608,349.98,-160.34,-783.75
1726357407.0785017,-5.07,-27.71,256.96
1726357369.8649502,-220.83,744.02,99.18
1726357220.9144218,-45.65,389.53,130.92
1726357199.9740095,-9.95,-158.75,505.43
1726357011.6522205,-116.7,-85.63,-44.92
1726357233.1143456,71.47,-300.84,-181.34
1726357032.8125627,-1999.76,300.72,-34.06
1726356838.407019,-0.31,-0.37,0.06
1726357470.9009936,44.49,9.77,-60.85
1726357040.0801363,-212.46,249.33,-39.18
1726357252.491877,7.39,-241.7,322.39
1726357465.6425686,13.31,-15.2,1.95
1726356829.8153615,-0.24,-0.37,0.12
1726357189.4815996,36.32,248.54,235.9
1726357277.266073,112.67,-91.31,-71.96
1726357387.567896,221.74,-998.9,135.13
1726357134.102619,352.48,-131.16,-618.23
1726357247.5470226,-81.79,-253.23,-197.02
1726357321.896279,-182.62,183.41,215.94
1726357445.0160837,0.18,5.37,-3.85
1726357087.9246094,-234.13,-325.74,525.57
1726357318.0883596,-282.1,-120.24,-27.89
1726357434.8416502,-49.44,96.07,23.74
1726357312.92216,-13.55,37.23,174.8
1726357223.222426,90.76,-234.19,83.8
1726357433.3533227,-27.04,191.65,85.82
1726357305.4242897,109.68,-72.94,-2.26
1726357263.7929354,109.68,-256.29,-159.85
1726357094.3462954,-865.91,-139.34,569.21
1726357036.6106155,-514.83,274.96,1214.29
1726357336.8486524,115.48,-16.11,-417.85
1726357120.5807202,-28.2,-140.62,-331.18
1726357469.673882,-132.2,-24.6,44.01
1726357350.8293557,11.29,-418.15,-137.21
1726357291.9319575,-167.54,-164.31,193.91
1726357252.978277,192.08,31.37,134.34
1726357506.5995822,-0.31,-3.48,0.31
1726357118.5104792,22.34,-185.79,-288.33
1726357014.274881,135.38,177.0,45.84
1726357138.029878,270.81,87.77,-519.84
1726357310.1530206,141.91,100.46,-229.55
1726357490.0424156,-347.41,105.83,111.51
1726357082.6360042,341.43,-495.48,-324.04
1726357353.0156925,-126.28,562.87,-14.71
1726357337.093862,147.22,15.5,-422.55
1726357333.670751,18.13,-217.47,268.37
1726357039.0768027,428.65,665.71,-499.39
1726357376.3685503,-25.7,-529.72,440.31
1726357215.8878098,-367.49,103.82,534.3
1726357193.030335,-34.55,232.06,113.53
1726357214.153744,-288.51,-34.91,400.82
1726357078.3271413,121.64,-340.82,-476.38
1726357056.858363,-267.21,458.5,39.67
1726357002.1583166,1.1,-0.12,-0.92
1726357250.2539208,42.97,-5.98,23.68
1726357429.912471,-53.83,112.3,-394.9
1726356865.6125286,-47.36,84.53,37.29
1726357080.382215,580.26,-188.66,-524.48
1726357509.7392352,-0.61,-1.77,0.79
1726357109.021044,235.11,237.98,135.19
1726357510.949535,-0.31,2.87,-4.03
1726357455.2087328,164.86,-321.9,-144.47
1726357256.4650218,147.34,-95.58,666.93
1726356994.9832108,-1.28,-0.85,1.28
1726357507.557248,0.12,0.12,-0.79
1726356999.2866144,-0.06,-0.49,0.31
1726357264.5284858,-363.71,-731.75,191.28
1726357246.097018,181.64,-192.5,-107.42
1726357054.3196075,280.46,-330.57,-424.87
1726357158.2969058,273.38,-323.24,-416.32
1726357214.897053,365.17,-356.75,-614.44
1726357255.200702,51.03,-224.06,43.82
1726357393.9604056,102.66,355.9,-183.11
1726357268.8253248,196.66,347.29,-117.37
1726357067.2980642,-446.96,-174.62,721.44
1726357434.5949483,-55.11,63.23,-130.86
1726357121.399888,-382.63,-278.2,588.87
1726357340.8883822,151.67,-528.32,-271.42
1726357273.104849,-116.21,-727.42,-589.29
1726357377.1702693,50.29,-89.17,336.73
1726357172.959335,-13.85,-157.41,-215.88
1726357242.7463746,96.25,-226.56,-116.27
1726357151.9720128,-100.52,239.44,-517.7
1726357467.6779842,-68.3,139.22,-92.04
1726357180.668517,0.85,408.39,-103.33
1726356849.7574315,-0.06,-0.12,0.18
1726356999.0295942,-0.49,0.0,-2.87
1726357256.9515014,233.15,562.81,-422.0
1726357292.7008555,-96.19,3.97,278.99
1726357218.1551626,197.51,0.55,-135.68
1726356879.808863,-289.0,741.88,34.3
1726357464.417647,25.02,-21.24,23.01
1726357498.0969417,72.94,-110.29,87.46
1726357234.340413,323.91,-388.43,-333.68
1726357387.0788026,-201.72,-182.19,420.47
1726357278.475247,-20.75,-34.61,478.21
1726357273.3358717,272.4,-546.45,-594.36
1726357402.264397,-6.59,89.11,91.86
1726357268.330584,-153.5,218.44,263.73
1726357284.3905337,55.11,-50.29,4.46
1726357464.1744714,29.54,1.83,52.25
1726357007.2198775,-14.04,-7.63,9.89
1726357502.7309933,-2.75,-1.28,-2.44
1726356887.2280872,124.63,-409.55,739.81
1726357179.1347206,-33.51,254.27,111.51
1726357003.2473297,-0.92,-0.43,-0.98
1726357176.4067538,97.84,-116.58,-18.43
1726357062.2022192,22.16,-15.38,489.62
1726357140.1967266,309.14,-539.25,-392.94
1726357466.135646,42.3,120.67,-102.23
1726357191.010954,65.8,342.53,-428.89
1726357207.2110958,-9.03,-513.85,551.03
1726356861.1204484,-0.79,-0.55,-0.06
1726357209.5094223,648.32,178.83,-901.18
1726357013.2421598,34.67,76.48,-0.98
1726357461.967624,-78.92,179.75,93.08
1726357100.0395055,411.93,354.8,-216.55
1726357262.821113,-178.16,-94.12,839.78
1726357096.5458658,-145.75,376.65,-44.25
1726357044.87228,-114.5,-309.81,315.25
1726357109.4066274,183.29,126.83,-502.38
1726357160.007563,14.1,-7.63,-343.63
1726357223.4670892,13.61,-314.58,-329.83
1726357215.6365666,-251.22,569.82,370.12
1726357150.7175343,171.33,-284.85,-626.04
1726357506.351347,-0.43,-1.77,-0.24
1726357237.0858357,-279.11,237.12,466.61
1726356881.1060872,-606.02,533.2,194.27
1726357188.4798226,-19.9,411.93,-102.84
1726357360.2778423,-132.69,583.07,-233.28
1726357458.3778124,-80.87,-308.35,21.3
1726357085.6913843,-554.38,298.4,524.6
1726357272.1083784,90.09,765.5,-49.32
1726357247.788504,50.72,26.67,-28.08
1726357130.1785295,514.1,-513.73,-354.06
1726357192.0123217,21.79,414.86,-158.75
1726357149.724872,-51.94,22.71,-71.9
1726357404.6249604,-21.06,-264.34,-128.91
1726357023.355486,189.51,-466.43,265.44
1726357039.329098,243.41,-65.43,-814.58
1726357428.450148,-314.15,599.24,-66.96
1726357307.429026,-144.41,-240.11,11.41
1726357177.8918016,6.16,270.63,-182.07
1726357141.1881127,-753.6,-458.56,915.47
1726357075.5250776,82.4,49.62,-589.72
1726357505.1464095,-0.73,1.1,-1.53
1726357478.1702373,-16.91,-19.1,-60.42
1726357380.0859082,-180.97,232.48,343.32
1726357168.577808,123.47,-13.18,294.13
1726357312.1390853,28.63,-46.2,-169.86
1726357487.6116998,215.7,-268.55,362.06
1726357461.4727874,-101.38,76.29,163.94
1726357102.5810304,-10.93,14.65,348.82
1726357188.7229369,115.17,187.56,-471.37
1726357315.897055,-8.79,-147.77,547.67
1726357485.449829,-82.58,-376.46,265.32
1726357455.4398842,12.88,-97.35,321.17
1726356997.680262,2.01,-0.79,-1.46
1726357049.6544652,314.82,533.81,86.18
1726357327.9278576,10.74,-161.07,140.2
1726357261.7620597,125.73,-402.65,-598.39
1726357271.3275108,-140.56,405.82,676.7
1726356882.9669406,-85.21,217.1,399.72
1726356840.9746995,-0.06,-0.37,0.12
1726357412.0822084,-26.73,9.16,-21.97
1726357079.5961308,238.1,-231.45,285.71
1726357085.174873,-211.85,71.53,-218.75
1726357258.7897055,158.08,-201.9,-156.98
1726356872.6829166,301.57,28.26,-1027.83
1726357394.6835997,35.03,-618.35,328.92
1726357236.0861022,269.96,-200.32,-302.86
1726357120.0359402,283.2,265.38,-570.5
1726357481.6878448,136.84,280.64,437.07
1726357483.6690457,-335.82,-997.8,-113.46
1726357184.2099814,18.01,-139.77,169.56
1726357295.146873,-60.67,-98.39,-90.82
1726357351.570865,-162.96,563.66,66.16
1726357429.1764348,165.22,-430.3,-174.93
1726357255.9840555,156.49,183.17,258.48
1726357425.237747,118.77,309.39,-305.3
1726357381.3057573,-2.32,774.78,91.67
1726357221.463042,-373.41,112.73,313.42
1726357124.5834386,30.21,-207.58,-407.47
1726357477.5924222,11.6,46.81,-38.15
1726357504.4063747,0.06,-1.59,1.83
1726357418.4387605,-74.4,-449.58,46.88
1726357172.46985,-11.41,14.71,317.75
1726357112.5445182,-286.99,39.98,-416.87
1726357283.1307278,33.2,211.61,-28.08
1726357188.2185087,-16.36,33.63,167.6
1726357012.744558,335.94,105.35,22.28
1726357063.2305524,789.0,-253.23,-195.62
1726357055.8766642,25.63,74.95,-436.65
1726357140.9484868,-354.25,349.0,-96.68
1726356844.9830067,0.18,-0.18,-0.06
1726357478.900781,30.52,-62.26,-70.31
1726357101.1259377,-186.1,273.74,-405.82
1726357364.8900175,116.15,-675.23,-244.26
1726357080.640529,193.12,-317.08,-392.27
1726357334.6539676,217.22,-250.92,-211.43
1726357286.378977,113.04,102.36,-154.17
1726356835.3080764,-0.06,-0.37,0.12
1726357466.3863924,25.63,88.01,-67.69
1726357131.6695452,230.65,426.82,46.33
1726357264.7772076,-249.82,-382.57,-802.25
1726357225.9768367,81.54,-175.29,45.9
1726357359.2997322,164.12,20.02,-211.85
1726357289.1253405,52.67,84.23,65.0
1726357151.7233093,-31.92,-33.81,-689.45
1726357401.3006766,-89.42,-524.35,21.79
1726357421.6657395,19.35,-26.12,9.52
1726357070.615385,863.04,-400.88,-316.53
1726357204.6822855,285.4,-579.77,308.23
1726357471.1628425,-64.51,-162.05,164.12
1726357136.590065,-97.41,-86.06,-406.01
1726357304.183144,308.17,211.55,-430.97
1726357321.403649,461.79,-2.08,-469.79
1726357237.5883017,89.17,182.56,20.08
1726357457.6657708,-29.72,-116.7,-37.72
1726357354.4658687,45.29,89.05,-66.1
1726357424.2629771,-12.82,57.68,-68.36
1726357495.6315515,-147.52,-184.39,367.86
1726357320.8286097,-421.08,-405.58,-690.49
1726357061.9562404,33.51,-249.94,536.68
1726357512.872001,-3.78,2.01,-4.76
1726356995.5224292,-21.24,-10.68,6.96
1726356994.4650447,18.19,7.26,-4.94
1726357448.6758738,0.79,3.42,1.4
1726357483.4238086,142.88,399.78,53.77
1726357472.8887434,-27.28,-20.32,86.85
1726357069.1564276,-286.62,-109.56,-394.78
1726357365.3887155,201.48,-448.3,161.99
1726357416.5994244,89.36,-113.04,85.51
1726357502.985069,-2.14,4.33,-2.01
1726357444.5268283,0.61,-5.37,3.66
1726357174.4610617,0.06,2.62,-238.89
1726357491.73864,-86.24,247.86,-23.01
1726356846.1710756,-1.71,-0.49,0.06
1726357264.038257,269.35,-399.35,77.21
1726357208.2094605,43.7,-91.19,-244.57
1726357228.9383235,-102.17,-262.51,-300.9
1726357476.521067,87.65,25.33,69.46
1726357409.0795548,105.41,-87.65,30.4
1726357133.8694632,195.07,144.53,-357.06
1726357196.1011508,473.02,-177.19,75.87
1726357481.1842868,553.34,258.42,-794.98
1726357019.204414,-364.87,-56.64,19.23
1726356850.960075,3.6,-0.12,1.04
1726357449.40407,0.18,6.1,3.11
1726356883.7148411,327.09,313.6,386.11
1726357244.3005228,201.84,-409.3,-321.41
1726357205.198271,288.45,-226.5,321.84
1726357195.8607342,131.9,177.92,-513.49
1726357380.8154373,80.38,-615.91,52.73
1726357255.6774576,119.63,115.42,-105.29
1726357414.4062836,-15.93,-681.03,128.85
1726357349.112263,207.64,-656.8,208.13
1726357048.376425,177.92,-624.33,-257.75
1726357225.730283,-14.71,204.53,225.28
1726357123.389783,-266.97,-244.57,583.44
1726357220.6528697,156.25,-253.42,-141.48
1726357466.9213316,-24.05,-321.9,23.07
1726357222.4551773,-17.09,-6.84,-309.08
1726357306.422859,-96.68,207.21,-41.81
1726357117.5223444,172.24,80.57,235.78
1726357291.4620454,77.88,198.3,-197.08
1726357286.865425,-59.2,-36.13,64.88
1726357071.8648286,-761.11,364.99,333.01
1726357136.821396,-210.08,355.04,78.98
1726357433.12476,-36.25,148.01,4.52
1726357159.504867,-73.0,2.93,291.56
1726357176.6547964,101.75,55.11,-139.4
1726357368.857997,215.21,-420.9,164.0
1726357017.2810369,-49.26,33.2,7.2
1726357343.1283813,110.23,-531.86,154.05
1726357058.887153,-282.59,205.2,-314.27
1726357148.2597184,-180.54,35.71,783.51
1726357253.4615102,152.34,211.79,-719.48
1726357371.9769533,71.9,477.91,-383.54
1726357467.4308686,-51.21,103.27,-187.68
1726357375.3790112,-139.77,338.07,121.77
1726356886.9932623,42.11,-14.95,1045.96
1726357133.1263063,-453.43,-125.31,812.68
1726357044.58666,-968.81,-413.76,470.34
1726357152.4522295,-156.68,-586.79,29.6
1726357508.551541,-0.37,1.04,-1.4
1726357414.9088435,-58.96,599.3,-208.13
1726357241.3191106,95.83,-237.79,-129.21
1726357488.831576,102.72,-170.96,89.66
1726357209.756031,93.14,-167.97,-666.44
1726357513.5915928,3.72,4.82,0.92
1726357445.807819,-1.34,4.27,1.83
1726357339.900002,141.91,-93.93,-487.3
1726357399.0844605,29.48,618.84,-280.33
1726357204.1806097,368.23,739.56,385.62
1726357005.6438663,-2.26,-1.22,1.46
1726357328.7271652,-111.88,54.69,430.05
1726357004.3263314,-0.43,-0.73,0.55
1726357509.2650778,-0.85,-1.22,-1.22
1726357198.6457024,156.8,-68.91,651.25
1726357166.3634698,33.57,22.22,236.15
1726357416.353672,13.12,567.2,-335.82
1726357379.6033664,832.52,753.72,19.9
1726357331.4106126,77.39,331.67,48.46
1726357315.403151,572.88,937.99,600.83
1726357086.698276,294.68,-122.92,-629.58
1726357054.585215,-164.92,-162.17,-289.49
1726356862.3150394,-2.69,-0.79,-0.37
1726357068.9135797,110.41,-294.68,-482.06
1726357253.2210865,50.78,433.65,-309.02
1726357408.0657492,43.46,51.76,288.51
1726356875.6334555,-559.39,672.06,-375.12
1726357504.6591682,0.18,-0.24,-0.79
1726357098.2673106,100.89,-35.16,-248.9
1726357259.0486271,-60.36,41.38,-132.51
1726357110.4846244,-310.67,233.83,-20.02
1726357403.0377305,-15.01,-67.87,53.83
1726357214.6598942,-0.85,-301.94,-539.12
1726357135.6272929,102.84,87.22,207.28
1726357325.3866444,290.1,-271.3,-522.22
1726357507.089038,0.31,-1.1,1.71
1726357279.702875,46.94,-97.41,211.73
1726357118.0048926,335.14,12.94,-680.3
1726357514.8060038,55.36,-55.42,-21.79
1726357004.0609157,-1.28,-1.1,0.85
1726357243.0159354,-36.8,-43.09,-55.48
1726357296.1577585,-52.12,126.89,-288.09
1726357450.160946,20.26,66.47,-0.85
1726357070.8804376,291.99,-702.82,-444.27
1726357426.9794333,-152.53,-54.99,114.56
1726357506.1241288,-0.31,2.81,0.18
1726357238.0808318,348.57,-466.43,-219.36
1726357012.468734,-90.39,-27.53,50.29
1726357146.1576328,168.33,-525.27,-593.57
1726357186.4465296,151.73,-214.66,252.2
1726357061.4584997,-532.96,261.11,-24.17
1726357352.5306437,71.47,-370.54,108.95
1726357290.1400042,27.53,47.36,300.35
1726357043.593768,233.58,-403.93,-663.64
1726357277.498835,87.89,-19.04,-179.99
1726357316.3693037,257.32,-8.12,279.91
1726357485.6770463,-143.74,657.47,-155.64
1726357198.3477616,470.15,-171.08,-372.56
1726357250.9789095,-2.99,6.41,19.41
1726357332.674387,66.77,29.85,-292.36
1726357314.6438832,84.66,-287.17,639.22
1726357276.2707956,-20.14,275.27,-415.28
1726357265.8490248,-171.02,365.91,81.05
1726357244.8059683,-171.33,552.43,426.33
1726357289.3700452,-87.59,-65.49,225.59
1726356885.959633,392.82,-410.22,728.03
1726356839.7776425,-0.18,-0.37,0.12
1726357361.4987648,-135.56,-435.67,-95.95
1726357081.641099,-41.26,-318.54,465.7
1726357015.9182477,0.0,-0.43,-3.72
1726357254.695132,1340.21,1009.95,-252.81
1726357507.8017516,-0.79,0.37,-0.79
1726357096.3006213,-122.86,572.81,3.85
1726357076.286567,-47.67,-124.94,-452.21
1726357328.1761887,-124.02,-225.71,39.43
1726357122.1399307,195.74,63.17,-552.31
1726357096.0455186,-165.16,159.61,-253.6
1726357097.2956283,190.43,-40.59,93.26
1726357439.058323,0.24,-1.89,-2.2
1726357060.4127722,490.42,-24.96,-549.87
1726357426.7410889,-237.18,247.68,-128.85
1726357240.8338532,-2.08,182.37,88.75
1726357040.3137815,-616.46,-81.54,745.61
1726357468.1663496,23.25,-130.13,-27.28
1726357060.8933709,19.96,-394.78,-607.18
1726357458.1400745,-80.81,208.62,-4.21
1726357372.929893,-134.58,-296.81,708.56
1726357380.3322732,132.75,-212.34,33.33
1726357315.6546204,778.44,776.79,-400.27
1726357022.5935285,174.56,72.57,-90.94
1726357347.8616269,29.17,-206.67,-54.2
1726357114.76855,-459.41,580.32,274.6
1726357452.3776822,-288.82,805.85,-5.92
1726357290.3909588,-143.55,-182.8,20.45
1726357059.6461349,-29.24,-227.36,430.42
1726356861.5802531,-1.77,-0.73,-0.37
1726357094.584328,-123.84,-492.74,393.8
1726357027.7510293,-100.83,-504.58,633.61
1726357413.579472,-226.56,952.15,-49.32
1726357090.367638,156.25,-327.27,-126.16
1726356887.580877,146.48,-298.34,660.95
1726357409.8834512,39.43,-324.65,415.34
1726357193.267135,50.23,366.64,-324.46
1726357054.0533044,495.97,-17.64,-517.76
1726357327.4080582,135.68,250.24,-335.63
1726357365.1491146,337.04,-603.58,104.0
1726357346.8726945,-84.35,304.99,-49.44
1726357352.0499415,136.66,-244.93,22.22
1726357163.884896,28.63,254.88,-27.4
1726357045.6229556,311.34,295.04,-348.82
1726357241.802234,-55.42,210.51,35.95
